participant.id_in_session,participant.code,participant.label,participant._is_bot,participant._index_in_pages,participant._max_page_index,participant._current_app_name,participant._current_page_name,participant.time_started_utc,participant.visited,participant.mturk_worker_id,participant.mturk_assignment_id,participant.payoff,participant.prolific_id,participant.prolific_study_id,participant.prolific_session_id,participant.inactive_excluded,participant.inactive_excluded_reason,participant.group_dropped,participant.part1_payoff_eligible,session.code,session.label,session.mturk_HITId,session.mturk_HITGroupId,session.comment,session.is_demo,session.config.name,session.config.participation_fee,session.config.real_world_currency_per_point,session.config.control_questions_max_attempts,session.config.skip_intro_control_questions,session.config.completionlink,bargaining_tdl_intro.1.player.id_in_group,bargaining_tdl_intro.1.player.role,bargaining_tdl_intro.1.player.payoff,bargaining_tdl_intro.1.player.prolific_id,bargaining_tdl_intro.1.player.prolific_pid_url,bargaining_tdl_intro.1.player.prolific_study_id,bargaining_tdl_intro.1.player.prolific_session_id,bargaining_tdl_intro.1.player.draft_history_left,bargaining_tdl_intro.1.player.draft_history_right,bargaining_tdl_intro.1.player.signal_left,bargaining_tdl_intro.1.player.signal_right,bargaining_tdl_intro.1.player.first_intention_selected,bargaining_tdl_intro.1.player.example1_earnings_you,bargaining_tdl_intro.1.player.example1_earnings_left,bargaining_tdl_intro.1.player.example1_earnings_right,bargaining_tdl_intro.1.player.example2_earnings_you,bargaining_tdl_intro.1.player.example2_earnings_left,bargaining_tdl_intro.1.player.example2_earnings_right,bargaining_tdl_intro.1.player.example3_earnings_you,bargaining_tdl_intro.1.player.example3_earnings_left,bargaining_tdl_intro.1.player.example3_earnings_right,bargaining_tdl_intro.1.player.time_welcome,bargaining_tdl_intro.1.player.time_instructions_part1,bargaining_tdl_intro.1.player.time_control_questions,bargaining_tdl_intro.1.player.time_goodbye,bargaining_tdl_intro.1.player.time_chat_and_signals,bargaining_tdl_intro.1.player.time_on_page,bargaining_tdl_intro.1.group.id_in_subsession,bargaining_tdl_intro.1.subsession.round_number,bargaining_tdl_main.1.player.id_in_group,bargaining_tdl_main.1.player.role,bargaining_tdl_main.1.player.payoff,bargaining_tdl_main.1.player.player_color,bargaining_tdl_main.1.player.part1_calculated_payoff,bargaining_tdl_main.1.player.signal_left,bargaining_tdl_main.1.player.signal_right,bargaining_tdl_main.1.player.first_intention_selected,bargaining_tdl_main.1.player.time_welcome,bargaining_tdl_main.1.player.time_chat,bargaining_tdl_main.1.player.time_signals,bargaining_tdl_main.1.player.time_chat_and_signals,bargaining_tdl_main.1.player.decision_choice,bargaining_tdl_main.1.player.received_signal_left,bargaining_tdl_main.1.player.received_signal_right,bargaining_tdl_main.1.player.id_player_on_the_left,bargaining_tdl_main.1.player.id_player_on_the_right,bargaining_tdl_main.1.player.time_experiment_terminated,bargaining_tdl_main.1.player.time_decision,bargaining_tdl_main.1.player.time_results,bargaining_tdl_main.1.player.time_on_page,bargaining_tdl_main.1.player.chat_interrupted,bargaining_tdl_main.1.player.participant_left_ts,bargaining_tdl_main.1.player.part1_payoff_eligible,bargaining_tdl_main.1.player.decision_inactive,bargaining_tdl_main.1.player.signal_inactive,bargaining_tdl_main.1.player.received_signal_left_inactive,bargaining_tdl_main.1.player.received_signal_right_inactive,bargaining_tdl_main.1.group.id_in_subsession,bargaining_tdl_main.1.group.grp_coordinate,bargaining_tdl_main.1.group.grp_triadicsplit,bargaining_tdl_main.1.group.selected_part_for_payment,bargaining_tdl_main.1.group.chat_left_p1,bargaining_tdl_main.1.group.chat_left_p2,bargaining_tdl_main.1.group.chat_left_p3,bargaining_tdl_main.1.group.group_dropped,bargaining_tdl_main.1.group.reconnect_deadline_ts,bargaining_tdl_main.1.group.interrupted_player_id,bargaining_tdl_main.1.group.last_ping_p1,bargaining_tdl_main.1.group.last_ping_p2,bargaining_tdl_main.1.group.last_ping_p3,bargaining_tdl_main.1.group.submit_grace_until_p1,bargaining_tdl_main.1.group.submit_grace_until_p2,bargaining_tdl_main.1.group.submit_grace_until_p3,bargaining_tdl_main.1.group.part1_payoff_eligible,bargaining_tdl_main.1.subsession.round_number,bargaining_tdl_part3.1.player.id_in_group,bargaining_tdl_part3.1.player.role,bargaining_tdl_part3.1.player.payoff,bargaining_tdl_part3.1.player.decision,bargaining_tdl_part3.1.player.example1_earnings_you,bargaining_tdl_part3.1.player.example1_earnings_left,bargaining_tdl_part3.1.player.example1_earnings_right,bargaining_tdl_part3.1.player.example2_earnings_you,bargaining_tdl_part3.1.player.example2_earnings_left,bargaining_tdl_part3.1.player.example2_earnings_right,bargaining_tdl_part3.1.player.all_control_questions_correct,bargaining_tdl_part3.1.player.time_instructions_part3,bargaining_tdl_part3.1.player.time_summary_part3,bargaining_tdl_part3.1.player.time_control_questions_part3,bargaining_tdl_part3.1.player.time_thank_you_part3,bargaining_tdl_part3.1.player.time_decision_part3,bargaining_tdl_part3.1.player.time_results_part3,bargaining_tdl_part3.1.player.time_on_page,bargaining_tdl_part3.1.player.selected_part_for_payment,bargaining_tdl_part3.1.group.id_in_subsession,bargaining_tdl_part3.1.subsession.round_number,bargaining_tdl_survey.1.player.id_in_group,bargaining_tdl_survey.1.player.role,bargaining_tdl_survey.1.player.payoff,bargaining_tdl_survey.1.player.gender,bargaining_tdl_survey.1.player.age,bargaining_tdl_survey.1.player.field_of_study,bargaining_tdl_survey.1.player.university_years,bargaining_tdl_survey.1.player.job_status,bargaining_tdl_survey.1.player.willingness_future,bargaining_tdl_survey.1.player.willingness_risk,bargaining_tdl_survey.1.player.reciprocity_positive,bargaining_tdl_survey.1.player.reciprocity_negative,bargaining_tdl_survey.1.player.willingness_donate,bargaining_tdl_survey.1.player.trust_general,bargaining_tdl_survey.1.player.beauty_contest_guess,bargaining_tdl_survey.1.player.time_on_page,bargaining_tdl_survey.1.player.time_survey_intro,bargaining_tdl_survey.1.player.time_survey_questions,bargaining_tdl_survey.1.player.time_survey_scale_intro,bargaining_tdl_survey.1.player.time_survey_page4,bargaining_tdl_survey.1.player.time_survey_page5,bargaining_tdl_survey.1.player.time_survey_page6,bargaining_tdl_survey.1.player.time_survey_page7,bargaining_tdl_survey.1.player.time_survey_page8,bargaining_tdl_survey.1.player.time_survey_page9,bargaining_tdl_survey.1.player.time_survey_page10,bargaining_tdl_survey.1.player.time_final_results,bargaining_tdl_survey.1.group.id_in_subsession,bargaining_tdl_survey.1.subsession.round_number
1,i5x0cyrn,,0,3,30,bargaining_tdl_intro,ControlQuestionsAttempt1,2026-05-04 09:47:33.620824,1,,,0.0,,,,,,,,pw1f4pme,,,,,1,bargaining_tdl,0.0,1.0,5,,,1,,0.0,,,,,,,,,,,,,,,,,,,11.92,14.37,0.0,0.0,0.0,14.37,1,1,1,,0.0,,0.0,,,,0.0,0.0,0.0,0.0,,,,,,0.0,0.0,0.0,0.0,,,,,,,,1,0,0,-1,,,,,,,,,,,,,,1,1,,0.0,,,,,,,,0,0.0,0.0,0.0,0.0,0.0,0.0,0.0,-1,1,1,1,,0.0,,,,,,,,,,,,,0.0,0.0,0.0,0.0,0.0,0.0,0.0,0.0,0.0,0.0,0.0,0.0,1,1
2,3iph7cwr,,0,3,30,bargaining_tdl_intro,ControlQuestionsAttempt1,2026-05-04 09:47:35.883235,1,,,0.0,,,,,,,,pw1f4pme,,,,,1,bargaining_tdl,0.0,1.0,5,,,2,,0.0,,,,,,,,,,,,,,,,,,,1.26,17.96,0.0,0.0,0.0,17.96,1,1,2,,0.0,,0.0,,,,0.0,0.0,0.0,0.0,,,,,,0.0,0.0,0.0,0.0,,,,,,,,1,0,0,-1,,,,,,,,,,,,,,1,2,,0.0,,,,,,,,0,0.0,0.0,0.0,0.0,0.0,0.0,0.0,-1,1,1,2,,0.0,,,,,,,,,,,,,0.0,0.0,0.0,0.0,0.0,0.0,0.0,0.0,0.0,0.0,0.0,0.0,1,1
3,tenijdil,,0,3,30,bargaining_tdl_intro,ControlQuestionsAttempt1,2026-05-04 09:47:38.345724,1,,,0.0,,,,,,,,pw1f4pme,,,,,1,bargaining_tdl,0.0,1.0,5,,,3,,0.0,,,,,,,,,,,,,,,,,,,2289.86,4.2,0.0,0.0,0.0,4.2,1,1,3,,0.0,,0.0,,,,0.0,0.0,0.0,0.0,,,,,,0.0,0.0,0.0,0.0,,,,,,,,1,0,0,-1,,,,,,,,,,,,,,1,3,,0.0,,,,,,,,0,0.0,0.0,0.0,0.0,0.0,0.0,0.0,-1,1,1,3,,0.0,,,,,,,,,,,,,0.0,0.0,0.0,0.0,0.0,0.0,0.0,0.0,0.0,0.0,0.0,0.0,1,1
4,l5kb3csg,,0,3,30,bargaining_tdl_intro,ControlQuestionsAttempt1,2026-05-04 16:03:17.822429,1,,,0.0,,,,,,,,pw1f4pme,,,,,1,bargaining_tdl,0.0,1.0,5,,,4,,0.0,,,,,,,,,,,,,,,,,,,2.14,93.43,0.0,0.0,0.0,93.43,1,1,4,,0.0,,0.0,,,,0.0,0.0,0.0,0.0,,,,,,0.0,0.0,0.0,0.0,,,,,,,,1,0,0,-1,,,,,,,,,,,,,,1,4,,0.0,,,,,,,,0,0.0,0.0,0.0,0.0,0.0,0.0,0.0,-1,1,1,4,,0.0,,,,,,,,,,,,,0.0,0.0,0.0,0.0,0.0,0.0,0.0,0.0,0.0,0.0,0.0,0.0,1,1
5,n4ysjirt,,0,0,30,,,,0,,,0.0,,,,,,,,pw1f4pme,,,,,1,bargaining_tdl,0.0,1.0,5,,,5,,0.0,,,,,,,,,,,,,,,,,,,0.0,0.0,0.0,0.0,0.0,0.0,1,1,5,,0.0,,0.0,,,,0.0,0.0,0.0,0.0,,,,,,0.0,0.0,0.0,0.0,,,,,,,,1,0,0,-1,,,,,,,,,,,,,,1,5,,0.0,,,,,,,,0,0.0,0.0,0.0,0.0,0.0,0.0,0.0,-1,1,1,5,,0.0,,,,,,,,,,,,,0.0,0.0,0.0,0.0,0.0,0.0,0.0,0.0,0.0,0.0,0.0,0.0,1,1
6,f0yudz1f,,0,0,30,,,,0,,,0.0,,,,,,,,pw1f4pme,,,,,1,bargaining_tdl,0.0,1.0,5,,,6,,0.0,,,,,,,,,,,,,,,,,,,0.0,0.0,0.0,0.0,0.0,0.0,1,1,6,,0.0,,0.0,,,,0.0,0.0,0.0,0.0,,,,,,0.0,0.0,0.0,0.0,,,,,,,,1,0,0,-1,,,,,,,,,,,,,,1,6,,0.0,,,,,,,,0,0.0,0.0,0.0,0.0,0.0,0.0,0.0,-1,1,1,6,,0.0,,,,,,,,,,,,,0.0,0.0,0.0,0.0,0.0,0.0,0.0,0.0,0.0,0.0,0.0,0.0,1,1
7,94udhtjo,,0,30,30,bargaining_tdl_survey,FinalResults,2026-05-05 06:41:28.453443,1,,,0.0,,,,,,,,pw1f4pme,,,,,1,bargaining_tdl,0.0,1.0,5,,,7,,0.0,,,,,,,,,,6,0,6,4,4,4,0,0,0,164.87,67.19,67.19,0.0,0.0,67.19,1,1,1,,0.0,Red,4.0,split_you,split_other,left,164.87,118.05,33.63,151.68,Both,split_both,split_other,cgkblckg,wy7rg0s3,0.0,623.91,0.79,0.79,,,,,,,,2,1,1,0,,,,,,,,,,,,,,1,7,,0.0,share_both,,,,,,,0,483.99,0.0,0.0,0.0,17.09,4.48,4.48,-1,1,1,7,,0.0,0,23,econ,2,employee,8,9,7,6,9,7,55.0,4.17,139.65,22.27,1.03,2.85,1.44,1.04,1.58,1.08,1.26,4.17,0.0,1,1
8,wy7rg0s3,,0,30,30,bargaining_tdl_survey,FinalResults,2026-05-05 06:41:22.074997,1,,,0.0,,,,,,,,pw1f4pme,,,,,1,bargaining_tdl,0.0,1.0,5,,,8,,0.0,,,,,,,,,,6,0,6,4,4,4,0,0,0,2581.16,3.55,3.55,0.0,0.0,3.55,1,1,2,,0.0,Green,4.0,split_other,split_other,left,2581.16,227.32,25.72,253.04,Both,split_other,split_both,94udhtjo,cgkblckg,0.0,563.46,6.93,6.93,,,,,,,,2,1,1,0,,,,,,,,,,,,,,1,8,,0.0,share_one,,,,,,,0,1272.4,0.0,0.0,0.0,1.95,1.61,1.61,-1,1,1,8,,0.0,0,34,econ,2,employee,8,9,8,9,10,8,3.0,36.45,5.15,21.97,3.01,1.81,1.35,1.22,1.33,1.38,1.85,36.45,0.0,1,1
9,cgkblckg,,0,30,30,bargaining_tdl_survey,FinalResults,2026-05-05 06:41:25.512436,1,,,0.0,,,,,,,,pw1f4pme,,,,,1,bargaining_tdl,0.0,1.0,5,,,9,,0.0,,,,,,,,,,6,0,6,4,4,4,0,0,0,2549.19,2.58,2.58,0.0,0.0,2.58,1,1,3,,0.0,Blue,4.0,split_both,split_both,left,2549.19,74.15,43.91,118.06,Both,split_other,split_you,wy7rg0s3,94udhtjo,0.0,631.11,0.77,0.77,,,,,,,,2,1,1,0,,,,,,,,,,,,,,1,9,,0.0,share_one,,,,,,,0,1261.31,0.0,0.0,0.0,3.74,88.03,88.03,-1,1,1,9,,0.0,2,23,econ,4,employee,9,10,8,10,8,9,3.0,3.31,0.95,13.31,1.15,2.3,1.72,1.11,0.87,1.9,1.51,3.31,0.0,1,1
1,1i6iv58t,,0,30,30,bargaining_tdl_survey,FinalResults,2026-05-05 09:50:01.728700,1,,,4.0,,,,,,,,6vf3sgej,,,,,1,bargaining_tdl,0.0,1.0,5,0,,1,,0.0,,,,,,,,,,6,0,6,4,4,4,0,0,0,69.28,3.38,3.38,0.0,0.0,3.38,1,1,1,,4.0,Red,4.0,split_both,split_both,right,69.28,123.6,6.73,130.32999999999998,Both,split_both,split_both,59r488q8,eidw00zh,0.0,16.11,8.38,8.38,,,,,,,,2,1,1,1,1,1,1,,,,,,,,,,,1,1,,0.0,share_both,,,,,,,0,4.08,0.0,0.0,0.0,17.75,1.25,1.25,-1,1,1,1,,0.0,2,34,econ,22,employee,8,9,8,10,8,9,140.0,117.62,1.31,14.38,1.45,1.84,1.12,1.05,0.88,1.28,0.96,117.62,0.0,1,1
2,eidw00zh,,0,30,30,bargaining_tdl_survey,FinalResults,2026-05-05 09:50:04.234563,1,,,4.0,,,,,,,,6vf3sgej,,,,,1,bargaining_tdl,0.0,1.0,5,0,,2,,0.0,,,,,,,,,,6,0,6,4,4,4,0,0,0,41.55,2.71,2.71,0.0,0.0,2.71,1,1,2,,4.0,Green,4.0,split_both,split_both,right,41.55,120.83,10.64,131.47,Both,split_both,split_both,1i6iv58t,59r488q8,0.0,11.03,6.68,6.68,,,,,,,,2,1,1,1,1,1,1,,,,,,,,,,,1,2,,0.0,share_both,,,,,,,0,11.81,0.0,0.0,0.0,8.88,235.84,235.84,-1,1,1,2,,0.0,0,34,econ,33,not_in_labour_force,9,10,8,10,8,10,120.0,133.21,0.95,16.18,1.07,1.91,1.18,1.2,1.34,1.09,0.9,133.21,0.0,1,1
3,59r488q8,,0,19,30,bargaining_tdl_part3,ResultsPart3,2026-05-05 09:50:06.422903,1,,,4.0,,,,,,,,6vf3sgej,,,,,1,bargaining_tdl,0.0,1.0,5,0,,3,,0.0,,,,,,,,,,6,0,6,4,4,4,0,0,0,2.78,12.77,12.77,0.0,0.0,12.77,1,1,3,,4.0,Blue,4.0,split_both,split_both,left,2.78,88.96,25.82,114.78,Both,split_both,split_both,eidw00zh,1i6iv58t,0.0,20.21,4.06,4.06,,,,,,,,2,1,1,1,1,1,1,,,,,,,,,,,1,3,,0.0,share_one,,,,,,,0,18.06,0.0,0.0,0.0,2.59,0.0,2.59,-1,1,1,3,,0.0,,,,,,,,,,,,,0.0,0.0,0.0,0.0,0.0,0.0,0.0,0.0,0.0,0.0,0.0,0.0,1,1
4,y37vb7y3,,0,0,30,,,,0,,,0.0,,,,,,,,6vf3sgej,,,,,1,bargaining_tdl,0.0,1.0,5,0,,4,,0.0,,,,,,,,,,,,,,,,,,,0.0,0.0,0.0,0.0,0.0,0.0,1,1,4,,0.0,,0.0,,,,0.0,0.0,0.0,0.0,,,,,,0.0,0.0,0.0,0.0,,,,,,,,1,0,0,-1,0,0,0,,,,,,,,,,,1,4,,0.0,,,,,,,,0,0.0,0.0,0.0,0.0,0.0,0.0,0.0,-1,1,1,4,,0.0,,,,,,,,,,,,,0.0,0.0,0.0,0.0,0.0,0.0,0.0,0.0,0.0,0.0,0.0,0.0,1,1
5,nuomg7sp,,0,0,30,,,,0,,,0.0,,,,,,,,6vf3sgej,,,,,1,bargaining_tdl,0.0,1.0,5,0,,5,,0.0,,,,,,,,,,,,,,,,,,,0.0,0.0,0.0,0.0,0.0,0.0,1,1,5,,0.0,,0.0,,,,0.0,0.0,0.0,0.0,,,,,,0.0,0.0,0.0,0.0,,,,,,,,1,0,0,-1,0,0,0,,,,,,,,,,,1,5,,0.0,,,,,,,,0,0.0,0.0,0.0,0.0,0.0,0.0,0.0,-1,1,1,5,,0.0,,,,,,,,,,,,,0.0,0.0,0.0,0.0,0.0,0.0,0.0,0.0,0.0,0.0,0.0,0.0,1,1
6,btqhauwi,,0,30,30,bargaining_tdl_survey,FinalResults,2026-05-05 10:58:32.830882,1,,,0.0,,,,,,,,6vf3sgej,,,,,1,bargaining_tdl,0.0,1.0,5,0,,6,,0.0,,,,,,,,,,6,0,6,4,4,4,0,0,0,1.43,3.37,3.37,0.0,0.0,3.37,1,1,1,,0.0,Red,6.0,split_both,split_both,left,1.43,51.25,20.17,71.42,Right,split_both,split_both,7wj16ro8,tgpypupg,0.0,13.24,25.48,25.48,,,,,,,,3,1,0,0,1,1,1,,,,,,,,,,,1,6,,0.0,share_both,,,,,,,0,12.41,0.0,0.0,0.0,10.23,95.5,95.5,-1,1,1,6,,0.0,0,23,econ,2,employee,9,10,9,8,9,7,120.0,6.58,37.46,15.67,6.36,8.77,1.32,1.63,1.41,1.38,1.38,6.58,0.0,1,1
7,tgpypupg,,0,17,30,bargaining_tdl_part3,InstructionsPart3,2026-05-05 10:52:15.957674,1,,,0.0,,,,,,,,6vf3sgej,,,,,1,bargaining_tdl,0.0,1.0,5,0,,7,,0.0,,,,,,,,,,6,0,6,4,4,4,0,0,0,1.18,3.83,3.83,0.0,0.0,3.83,1,1,2,,0.0,Green,6.0,split_both,split_both,right,1.18,60.27,6.68,66.95,Left,split_both,split_both,btqhauwi,7wj16ro8,0.0,26.49,1020.92,1020.92,,,,,,,,3,1,0,0,1,1,1,,,,,,,,,,,1,7,,0.0,,,,,,,,0,0.0,0.0,0.0,0.0,0.0,0.0,0.0,-1,1,1,7,,0.0,,,,,,,,,,,,,0.0,0.0,0.0,0.0,0.0,0.0,0.0,0.0,0.0,0.0,0.0,0.0,1,1
8,yq16ylht,,0,0,30,,,,0,,,0.0,,,,,,,,6vf3sgej,,,,,1,bargaining_tdl,0.0,1.0,5,0,,8,,0.0,,,,,,,,,,,,,,,,,,,0.0,0.0,0.0,0.0,0.0,0.0,1,1,8,,0.0,,0.0,,,,0.0,0.0,0.0,0.0,,,,,,0.0,0.0,0.0,0.0,,,,,,,,1,0,0,-1,0,0,0,,,,,,,,,,,1,8,,0.0,,,,,,,,0,0.0,0.0,0.0,0.0,0.0,0.0,0.0,-1,1,1,8,,0.0,,,,,,,,,,,,,0.0,0.0,0.0,0.0,0.0,0.0,0.0,0.0,0.0,0.0,0.0,0.0,1,1
9,7wj16ro8,,0,16,30,bargaining_tdl_main,Results,2026-05-05 10:34:22.393980,1,,,0.0,,,,,,,,6vf3sgej,,,,,1,bargaining_tdl,0.0,1.0,5,0,,9,,0.0,,,,,,,,,,6,0,6,4,4,4,0,0,0,1.83,115.41,115.41,0.0,0.0,115.41,1,1,3,,0.0,Blue,0.0,split_both,split_both,right,1.83,62.22,3.55,65.77,Both,split_both,split_both,tgpypupg,btqhauwi,0.0,31.37,0.0,31.37,,,,,,,,3,1,0,0,1,1,1,,,,,,,,,,,1,9,,0.0,,,,,,,,0,0.0,0.0,0.0,0.0,0.0,0.0,0.0,-1,1,1,9,,0.0,,,,,,,,,,,,,0.0,0.0,0.0,0.0,0.0,0.0,0.0,0.0,0.0,0.0,0.0,0.0,1,1
1,gzty9e9k,,0,0,30,,,,0,,,0.0,,,,,,,,hh00hitj,,,,,1,bargaining_tdl,0.0,1.0,5,0,,1,,0.0,,,,,,,,,,,,,,,,,,,0.0,0.0,0.0,0.0,0.0,0.0,1,1,1,,0.0,,0.0,,,,0.0,0.0,0.0,0.0,,,,,,0.0,0.0,0.0,0.0,,,,,,,,1,0,0,-1,0,0,0,,,,,,,,,,,1,1,,0.0,,,,,,,,0,0.0,0.0,0.0,0.0,0.0,0.0,0.0,-1,1,1,1,,0.0,,,,,,,,,,,,,0.0,0.0,0.0,0.0,0.0,0.0,0.0,0.0,0.0,0.0,0.0,0.0,1,1
2,xeosmoh5,,0,0,30,,,,0,,,0.0,,,,,,,,hh00hitj,,,,,1,bargaining_tdl,0.0,1.0,5,0,,2,,0.0,,,,,,,,,,,,,,,,,,,0.0,0.0,0.0,0.0,0.0,0.0,1,1,2,,0.0,,0.0,,,,0.0,0.0,0.0,0.0,,,,,,0.0,0.0,0.0,0.0,,,,,,,,1,0,0,-1,0,0,0,,,,,,,,,,,1,2,,0.0,,,,,,,,0,0.0,0.0,0.0,0.0,0.0,0.0,0.0,-1,1,1,2,,0.0,,,,,,,,,,,,,0.0,0.0,0.0,0.0,0.0,0.0,0.0,0.0,0.0,0.0,0.0,0.0,1,1
3,skln4e2b,,0,0,30,,,,0,,,0.0,,,,,,,,hh00hitj,,,,,1,bargaining_tdl,0.0,1.0,5,0,,3,,0.0,,,,,,,,,,,,,,,,,,,0.0,0.0,0.0,0.0,0.0,0.0,1,1,3,,0.0,,0.0,,,,0.0,0.0,0.0,0.0,,,,,,0.0,0.0,0.0,0.0,,,,,,,,1,0,0,-1,0,0,0,,,,,,,,,,,1,3,,0.0,,,,,,,,0,0.0,0.0,0.0,0.0,0.0,0.0,0.0,-1,1,1,3,,0.0,,,,,,,,,,,,,0.0,0.0,0.0,0.0,0.0,0.0,0.0,0.0,0.0,0.0,0.0,0.0,1,1
4,yhjghzsr,,0,0,30,,,,0,,,0.0,,,,,,,,hh00hitj,,,,,1,bargaining_tdl,0.0,1.0,5,0,,4,,0.0,,,,,,,,,,,,,,,,,,,0.0,0.0,0.0,0.0,0.0,0.0,1,1,4,,0.0,,0.0,,,,0.0,0.0,0.0,0.0,,,,,,0.0,0.0,0.0,0.0,,,,,,,,1,0,0,-1,0,0,0,,,,,,,,,,,1,4,,0.0,,,,,,,,0,0.0,0.0,0.0,0.0,0.0,0.0,0.0,-1,1,1,4,,0.0,,,,,,,,,,,,,0.0,0.0,0.0,0.0,0.0,0.0,0.0,0.0,0.0,0.0,0.0,0.0,1,1
5,66msni5o,,0,0,30,,,,0,,,0.0,,,,,,,,hh00hitj,,,,,1,bargaining_tdl,0.0,1.0,5,0,,5,,0.0,,,,,,,,,,,,,,,,,,,0.0,0.0,0.0,0.0,0.0,0.0,1,1,5,,0.0,,0.0,,,,0.0,0.0,0.0,0.0,,,,,,0.0,0.0,0.0,0.0,,,,,,,,1,0,0,-1,0,0,0,,,,,,,,,,,1,5,,0.0,,,,,,,,0,0.0,0.0,0.0,0.0,0.0,0.0,0.0,-1,1,1,5,,0.0,,,,,,,,,,,,,0.0,0.0,0.0,0.0,0.0,0.0,0.0,0.0,0.0,0.0,0.0,0.0,1,1
6,0tsg2xhd,,0,0,30,,,,0,,,0.0,,,,,,,,hh00hitj,,,,,1,bargaining_tdl,0.0,1.0,5,0,,6,,0.0,,,,,,,,,,,,,,,,,,,0.0,0.0,0.0,0.0,0.0,0.0,1,1,6,,0.0,,0.0,,,,0.0,0.0,0.0,0.0,,,,,,0.0,0.0,0.0,0.0,,,,,,,,1,0,0,-1,0,0,0,,,,,,,,,,,1,6,,0.0,,,,,,,,0,0.0,0.0,0.0,0.0,0.0,0.0,0.0,-1,1,1,6,,0.0,,,,,,,,,,,,,0.0,0.0,0.0,0.0,0.0,0.0,0.0,0.0,0.0,0.0,0.0,0.0,1,1
7,3umozlct,,0,0,30,,,,0,,,0.0,,,,,,,,hh00hitj,,,,,1,bargaining_tdl,0.0,1.0,5,0,,7,,0.0,,,,,,,,,,,,,,,,,,,0.0,0.0,0.0,0.0,0.0,0.0,1,1,7,,0.0,,0.0,,,,0.0,0.0,0.0,0.0,,,,,,0.0,0.0,0.0,0.0,,,,,,,,1,0,0,-1,0,0,0,,,,,,,,,,,1,7,,0.0,,,,,,,,0,0.0,0.0,0.0,0.0,0.0,0.0,0.0,-1,1,1,7,,0.0,,,,,,,,,,,,,0.0,0.0,0.0,0.0,0.0,0.0,0.0,0.0,0.0,0.0,0.0,0.0,1,1
8,i03dcuut,,0,0,30,,,,0,,,0.0,,,,,,,,hh00hitj,,,,,1,bargaining_tdl,0.0,1.0,5,0,,8,,0.0,,,,,,,,,,,,,,,,,,,0.0,0.0,0.0,0.0,0.0,0.0,1,1,8,,0.0,,0.0,,,,0.0,0.0,0.0,0.0,,,,,,0.0,0.0,0.0,0.0,,,,,,,,1,0,0,-1,0,0,0,,,,,,,,,,,1,8,,0.0,,,,,,,,0,0.0,0.0,0.0,0.0,0.0,0.0,0.0,-1,1,1,8,,0.0,,,,,,,,,,,,,0.0,0.0,0.0,0.0,0.0,0.0,0.0,0.0,0.0,0.0,0.0,0.0,1,1
9,0gtp9knt,,0,0,30,,,,0,,,0.0,,,,,,,,hh00hitj,,,,,1,bargaining_tdl,0.0,1.0,5,0,,9,,0.0,,,,,,,,,,,,,,,,,,,0.0,0.0,0.0,0.0,0.0,0.0,1,1,9,,0.0,,0.0,,,,0.0,0.0,0.0,0.0,,,,,,0.0,0.0,0.0,0.0,,,,,,,,1,0,0,-1,0,0,0,,,,,,,,,,,1,9,,0.0,,,,,,,,0,0.0,0.0,0.0,0.0,0.0,0.0,0.0,-1,1,1,9,,0.0,,,,,,,,,,,,,0.0,0.0,0.0,0.0,0.0,0.0,0.0,0.0,0.0,0.0,0.0,0.0,1,1
1,ecfld806,,0,0,30,,,,0,,,0.0,,,,,,,,xunq6nz5,,,,,1,bargaining_tdl,0.0,1.0,5,0,,1,,0.0,,,,,,,,,,,,,,,,,,,0.0,0.0,0.0,0.0,0.0,0.0,1,1,1,,0.0,,0.0,,,,0.0,0.0,0.0,0.0,,,,,,0.0,0.0,0.0,0.0,,,,,,,,1,0,0,-1,0,0,0,,,,,,,,,,,1,1,,0.0,,,,,,,,0,0.0,0.0,0.0,0.0,0.0,0.0,0.0,-1,1,1,1,,0.0,,,,,,,,,,,,,0.0,0.0,0.0,0.0,0.0,0.0,0.0,0.0,0.0,0.0,0.0,0.0,1,1
2,a6ecfphc,,0,0,30,,,,0,,,0.0,,,,,,,,xunq6nz5,,,,,1,bargaining_tdl,0.0,1.0,5,0,,2,,0.0,,,,,,,,,,,,,,,,,,,0.0,0.0,0.0,0.0,0.0,0.0,1,1,2,,0.0,,0.0,,,,0.0,0.0,0.0,0.0,,,,,,0.0,0.0,0.0,0.0,,,,,,,,1,0,0,-1,0,0,0,,,,,,,,,,,1,2,,0.0,,,,,,,,0,0.0,0.0,0.0,0.0,0.0,0.0,0.0,-1,1,1,2,,0.0,,,,,,,,,,,,,0.0,0.0,0.0,0.0,0.0,0.0,0.0,0.0,0.0,0.0,0.0,0.0,1,1
3,18wp3d53,,0,0,30,,,,0,,,0.0,,,,,,,,xunq6nz5,,,,,1,bargaining_tdl,0.0,1.0,5,0,,3,,0.0,,,,,,,,,,,,,,,,,,,0.0,0.0,0.0,0.0,0.0,0.0,1,1,3,,0.0,,0.0,,,,0.0,0.0,0.0,0.0,,,,,,0.0,0.0,0.0,0.0,,,,,,,,1,0,0,-1,0,0,0,,,,,,,,,,,1,3,,0.0,,,,,,,,0,0.0,0.0,0.0,0.0,0.0,0.0,0.0,-1,1,1,3,,0.0,,,,,,,,,,,,,0.0,0.0,0.0,0.0,0.0,0.0,0.0,0.0,0.0,0.0,0.0,0.0,1,1
4,e4z23bgn,,0,0,30,,,,0,,,0.0,,,,,,,,xunq6nz5,,,,,1,bargaining_tdl,0.0,1.0,5,0,,4,,0.0,,,,,,,,,,,,,,,,,,,0.0,0.0,0.0,0.0,0.0,0.0,1,1,4,,0.0,,0.0,,,,0.0,0.0,0.0,0.0,,,,,,0.0,0.0,0.0,0.0,,,,,,,,1,0,0,-1,0,0,0,,,,,,,,,,,1,4,,0.0,,,,,,,,0,0.0,0.0,0.0,0.0,0.0,0.0,0.0,-1,1,1,4,,0.0,,,,,,,,,,,,,0.0,0.0,0.0,0.0,0.0,0.0,0.0,0.0,0.0,0.0,0.0,0.0,1,1
5,iuyj1vd8,,0,0,30,,,,0,,,0.0,,,,,,,,xunq6nz5,,,,,1,bargaining_tdl,0.0,1.0,5,0,,5,,0.0,,,,,,,,,,,,,,,,,,,0.0,0.0,0.0,0.0,0.0,0.0,1,1,5,,0.0,,0.0,,,,0.0,0.0,0.0,0.0,,,,,,0.0,0.0,0.0,0.0,,,,,,,,1,0,0,-1,0,0,0,,,,,,,,,,,1,5,,0.0,,,,,,,,0,0.0,0.0,0.0,0.0,0.0,0.0,0.0,-1,1,1,5,,0.0,,,,,,,,,,,,,0.0,0.0,0.0,0.0,0.0,0.0,0.0,0.0,0.0,0.0,0.0,0.0,1,1
6,c41buabc,,0,0,30,,,,0,,,0.0,,,,,,,,xunq6nz5,,,,,1,bargaining_tdl,0.0,1.0,5,0,,6,,0.0,,,,,,,,,,,,,,,,,,,0.0,0.0,0.0,0.0,0.0,0.0,1,1,6,,0.0,,0.0,,,,0.0,0.0,0.0,0.0,,,,,,0.0,0.0,0.0,0.0,,,,,,,,1,0,0,-1,0,0,0,,,,,,,,,,,1,6,,0.0,,,,,,,,0,0.0,0.0,0.0,0.0,0.0,0.0,0.0,-1,1,1,6,,0.0,,,,,,,,,,,,,0.0,0.0,0.0,0.0,0.0,0.0,0.0,0.0,0.0,0.0,0.0,0.0,1,1
7,okibnc50,,0,0,30,,,,0,,,0.0,,,,,,,,xunq6nz5,,,,,1,bargaining_tdl,0.0,1.0,5,0,,7,,0.0,,,,,,,,,,,,,,,,,,,0.0,0.0,0.0,0.0,0.0,0.0,1,1,7,,0.0,,0.0,,,,0.0,0.0,0.0,0.0,,,,,,0.0,0.0,0.0,0.0,,,,,,,,1,0,0,-1,0,0,0,,,,,,,,,,,1,7,,0.0,,,,,,,,0,0.0,0.0,0.0,0.0,0.0,0.0,0.0,-1,1,1,7,,0.0,,,,,,,,,,,,,0.0,0.0,0.0,0.0,0.0,0.0,0.0,0.0,0.0,0.0,0.0,0.0,1,1
8,cr2tzw12,,0,0,30,,,,0,,,0.0,,,,,,,,xunq6nz5,,,,,1,bargaining_tdl,0.0,1.0,5,0,,8,,0.0,,,,,,,,,,,,,,,,,,,0.0,0.0,0.0,0.0,0.0,0.0,1,1,8,,0.0,,0.0,,,,0.0,0.0,0.0,0.0,,,,,,0.0,0.0,0.0,0.0,,,,,,,,1,0,0,-1,0,0,0,,,,,,,,,,,1,8,,0.0,,,,,,,,0,0.0,0.0,0.0,0.0,0.0,0.0,0.0,-1,1,1,8,,0.0,,,,,,,,,,,,,0.0,0.0,0.0,0.0,0.0,0.0,0.0,0.0,0.0,0.0,0.0,0.0,1,1
9,32r9lxnw,,0,0,30,,,,0,,,0.0,,,,,,,,xunq6nz5,,,,,1,bargaining_tdl,0.0,1.0,5,0,,9,,0.0,,,,,,,,,,,,,,,,,,,0.0,0.0,0.0,0.0,0.0,0.0,1,1,9,,0.0,,0.0,,,,0.0,0.0,0.0,0.0,,,,,,0.0,0.0,0.0,0.0,,,,,,,,1,0,0,-1,0,0,0,,,,,,,,,,,1,9,,0.0,,,,,,,,0,0.0,0.0,0.0,0.0,0.0,0.0,0.0,-1,1,1,9,,0.0,,,,,,,,,,,,,0.0,0.0,0.0,0.0,0.0,0.0,0.0,0.0,0.0,0.0,0.0,0.0,1,1
1,ovpnwmcb,,0,21,30,bargaining_tdl_survey,SurveyQuestions,2026-05-05 14:18:17.760633,1,,,0.0,,,,,,,,y1ycsbji,,,,,1,bargaining_tdl,0.0,1.0,5,0,,1,,0.0,,,,,,,,,,6,0,6,4,4,4,0,0,0,450.99,3.51,3.51,0.0,0.0,3.51,1,1,1,,0.0,Red,4.0,split_both,split_both,left,450.99,17.38,5.71,23.09,Both,split_other,split_both,g7q4akha,jnkcelh9,0.0,5.13,353.44,353.44,,,,,,,,2,1,1,0,1,1,1,,,,,,,,,,,1,1,,0.0,share_one,,,,,,,0,1.33,0.0,0.0,0.0,3.09,0.91,0.91,-1,1,1,1,,0.0,,,,,,,,,,,,,0.65,0.65,0.0,0.0,0.0,0.0,0.0,0.0,0.0,0.0,0.0,0.0,1,1
2,jnkcelh9,,0,30,30,bargaining_tdl_survey,FinalResults,2026-05-05 14:31:42.414244,1,,,0.0,,,,,,,,y1ycsbji,,,,,1,bargaining_tdl,0.0,1.0,5,0,,2,,0.0,,,,,,,,,,6,0,6,4,4,4,0,0,0,39.21,2.58,2.58,0.0,0.0,2.58,1,1,2,,0.0,Green,4.0,split_both,split_both,left,39.21,16.23,2.48,18.71,Both,split_both,split_other,ovpnwmcb,g7q4akha,0.0,11.76,278.71,278.71,,,,,,,,2,1,1,0,1,1,1,,,,,,,,,,,1,2,,0.0,share_one,,,,,,,0,1.11,0.0,0.0,0.0,2.18,1.11,1.11,-1,1,1,2,,0.0,0,18,econa,22,employee,9,10,9,8,9,8,2.0,10.89,1.78,18.3,1.0,2.03,1.85,1.31,1.16,1.05,1.0,10.89,0.0,1,1
3,z1ltfj0i,,0,0,30,,,,0,,,0.0,,,,,,,,y1ycsbji,,,,,1,bargaining_tdl,0.0,1.0,5,0,,3,,0.0,,,,,,,,,,,,,,,,,,,0.0,0.0,0.0,0.0,0.0,0.0,1,1,3,,0.0,,0.0,,,,0.0,0.0,0.0,0.0,,,,,,0.0,0.0,0.0,0.0,,,,,,,,1,0,0,-1,0,0,0,,,,,,,,,,,1,3,,0.0,,,,,,,,0,0.0,0.0,0.0,0.0,0.0,0.0,0.0,-1,1,1,3,,0.0,,,,,,,,,,,,,0.0,0.0,0.0,0.0,0.0,0.0,0.0,0.0,0.0,0.0,0.0,0.0,1,1
4,46jq2ndc,,0,0,30,,,,0,,,0.0,,,,,,,,y1ycsbji,,,,,1,bargaining_tdl,0.0,1.0,5,0,,4,,0.0,,,,,,,,,,,,,,,,,,,0.0,0.0,0.0,0.0,0.0,0.0,1,1,4,,0.0,,0.0,,,,0.0,0.0,0.0,0.0,,,,,,0.0,0.0,0.0,0.0,,,,,,,,1,0,0,-1,0,0,0,,,,,,,,,,,1,4,,0.0,,,,,,,,0,0.0,0.0,0.0,0.0,0.0,0.0,0.0,-1,1,1,4,,0.0,,,,,,,,,,,,,0.0,0.0,0.0,0.0,0.0,0.0,0.0,0.0,0.0,0.0,0.0,0.0,1,1
5,g7q4akha,,0,30,30,bargaining_tdl_survey,FinalResults,2026-05-05 14:31:44.639478,1,,,0.0,,,,,,,,y1ycsbji,,,,,1,bargaining_tdl,0.0,1.0,5,0,,5,,0.0,,,,,,,,,,6,0,6,4,4,4,0,0,0,1.35,3.62,3.62,0.0,0.0,3.62,1,1,3,,0.0,Blue,4.0,split_other,split_other,left,1.35,4.37,2.61,6.98,Both,split_both,split_both,jnkcelh9,ovpnwmcb,0.0,15.88,1.23,1.23,,,,,,,,2,1,1,0,1,1,1,,,,,,,,,,,1,5,,0.0,share_one,,,,,,,0,1.55,0.0,0.0,0.0,2.18,1.36,1.36,-1,1,1,5,,0.0,0,23,econ,22,employee,8,9,8,9,10,9,1.3,32.72,13.35,14.95,1.12,1.69,1.62,1.24,0.93,0.89,1.83,32.72,0.0,1,1
6,tko9g9dg,,0,0,30,,,,0,,,0.0,,,,,,,,y1ycsbji,,,,,1,bargaining_tdl,0.0,1.0,5,0,,6,,0.0,,,,,,,,,,,,,,,,,,,0.0,0.0,0.0,0.0,0.0,0.0,1,1,6,,0.0,,0.0,,,,0.0,0.0,0.0,0.0,,,,,,0.0,0.0,0.0,0.0,,,,,,,,1,0,0,-1,0,0,0,,,,,,,,,,,1,6,,0.0,,,,,,,,0,0.0,0.0,0.0,0.0,0.0,0.0,0.0,-1,1,1,6,,0.0,,,,,,,,,,,,,0.0,0.0,0.0,0.0,0.0,0.0,0.0,0.0,0.0,0.0,0.0,0.0,1,1
7,98jnne60,,0,0,30,,,,0,,,0.0,,,,,,,,y1ycsbji,,,,,1,bargaining_tdl,0.0,1.0,5,0,,7,,0.0,,,,,,,,,,,,,,,,,,,0.0,0.0,0.0,0.0,0.0,0.0,1,1,7,,0.0,,0.0,,,,0.0,0.0,0.0,0.0,,,,,,0.0,0.0,0.0,0.0,,,,,,,,1,0,0,-1,0,0,0,,,,,,,,,,,1,7,,0.0,,,,,,,,0,0.0,0.0,0.0,0.0,0.0,0.0,0.0,-1,1,1,7,,0.0,,,,,,,,,,,,,0.0,0.0,0.0,0.0,0.0,0.0,0.0,0.0,0.0,0.0,0.0,0.0,1,1
8,lj8ll3gr,,0,0,30,,,,0,,,0.0,,,,,,,,y1ycsbji,,,,,1,bargaining_tdl,0.0,1.0,5,0,,8,,0.0,,,,,,,,,,,,,,,,,,,0.0,0.0,0.0,0.0,0.0,0.0,1,1,8,,0.0,,0.0,,,,0.0,0.0,0.0,0.0,,,,,,0.0,0.0,0.0,0.0,,,,,,,,1,0,0,-1,0,0,0,,,,,,,,,,,1,8,,0.0,,,,,,,,0,0.0,0.0,0.0,0.0,0.0,0.0,0.0,-1,1,1,8,,0.0,,,,,,,,,,,,,0.0,0.0,0.0,0.0,0.0,0.0,0.0,0.0,0.0,0.0,0.0,0.0,1,1
9,ekbs4pbu,,0,0,30,,,,0,,,0.0,,,,,,,,y1ycsbji,,,,,1,bargaining_tdl,0.0,1.0,5,0,,9,,0.0,,,,,,,,,,,,,,,,,,,0.0,0.0,0.0,0.0,0.0,0.0,1,1,9,,0.0,,0.0,,,,0.0,0.0,0.0,0.0,,,,,,0.0,0.0,0.0,0.0,,,,,,,,1,0,0,-1,0,0,0,,,,,,,,,,,1,9,,0.0,,,,,,,,0,0.0,0.0,0.0,0.0,0.0,0.0,0.0,-1,1,1,9,,0.0,,,,,,,,,,,,,0.0,0.0,0.0,0.0,0.0,0.0,0.0,0.0,0.0,0.0,0.0,0.0,1,1
1,004uob5s,,0,21,30,bargaining_tdl_survey,SurveyQuestions,2026-05-06 14:04:54.514697,1,,,0.0,,,,,,,,splv0pa2,,,,,1,bargaining_tdl,0.0,1.0,5,0,,1,,0.0,,,,,,,,,,6,0,6,4,4,4,0,0,0,109.06,7.28,7.28,0.0,0.0,7.28,1,1,1,,0.0,Red,0.0,split_you,split_you,right,109.06,179.29,28.61,207.89999999999998,Both,split_you,split_you,re47i6yv,2g8ikea0,0.0,18.53,12.83,12.83,,,,,,,,2,1,0,0,1,1,1,,,,,,,,,,,1,1,,0.0,share_both,,,,,,,0,71.23,0.0,0.0,0.0,359.02,1.57,1.57,-1,1,1,1,,0.0,,,,,,,,,,,,,9.85,9.85,0.0,0.0,0.0,0.0,0.0,0.0,0.0,0.0,0.0,0.0,1,1
2,2g8ikea0,,0,21,30,bargaining_tdl_survey,SurveyQuestions,2026-05-06 14:04:57.064198,1,,,0.0,,,,,,,,splv0pa2,,,,,1,bargaining_tdl,0.0,1.0,5,0,,2,,0.0,,,,,,,,,,6,0,6,4,4,4,0,0,0,104.71,18.09,18.09,0.0,0.0,18.09,1,1,2,,0.0,Green,6.0,split_you,split_you,right,104.71,180.01,32.03,212.04,Right,split_you,split_you,004uob5s,re47i6yv,0.0,16.11,15.96,15.96,,,,,,,,2,1,0,0,1,1,1,,,,,,,,,,,1,2,,0.0,share_one,,,,,,,0,1802.73,0.0,0.0,0.0,3.28,1468.52,1468.52,-1,1,1,2,,0.0,,,,,,,,,,,,,0.71,0.71,0.0,0.0,0.0,0.0,0.0,0.0,0.0,0.0,0.0,0.0,1,1
3,re47i6yv,,0,30,30,bargaining_tdl_survey,FinalResults,2026-05-06 14:04:59.666293,1,,,0.0,,,,,,,,splv0pa2,,,,,1,bargaining_tdl,0.0,1.0,5,0,,3,,0.0,,,,,,,,,,6,0,6,4,4,4,0,0,0,99.82,17.08,17.08,0.0,0.0,17.08,1,1,3,,0.0,Blue,6.0,split_you,split_you,right,99.82,180.23,35.02,215.25,Left,split_you,split_you,2g8ikea0,004uob5s,0.0,18.06,18.89,18.89,,,,,,,,2,1,0,0,1,1,1,,,,,,,,,,,1,3,,0.0,share_one,,,,,,,0,1792.81,0.0,0.0,0.0,2.62,1.85,1.85,-1,1,1,3,,0.0,0,23,Econ,15,employee,9,10,8,10,8,10,1.8,40.37,855.28,49.38,8.01,2.48,2.0,1.21,1.38,1.15,1.44,40.37,0.0,1,1
4,grnr1zs2,,0,0,30,,,,0,,,0.0,,,,,,,,splv0pa2,,,,,1,bargaining_tdl,0.0,1.0,5,0,,4,,0.0,,,,,,,,,,,,,,,,,,,0.0,0.0,0.0,0.0,0.0,0.0,1,1,4,,0.0,,0.0,,,,0.0,0.0,0.0,0.0,,,,,,0.0,0.0,0.0,0.0,,,,,,,,1,0,0,-1,0,0,0,,,,,,,,,,,1,4,,0.0,,,,,,,,0,0.0,0.0,0.0,0.0,0.0,0.0,0.0,-1,1,1,4,,0.0,,,,,,,,,,,,,0.0,0.0,0.0,0.0,0.0,0.0,0.0,0.0,0.0,0.0,0.0,0.0,1,1
5,myvu6yam,,0,0,30,,,,0,,,0.0,,,,,,,,splv0pa2,,,,,1,bargaining_tdl,0.0,1.0,5,0,,5,,0.0,,,,,,,,,,,,,,,,,,,0.0,0.0,0.0,0.0,0.0,0.0,1,1,5,,0.0,,0.0,,,,0.0,0.0,0.0,0.0,,,,,,0.0,0.0,0.0,0.0,,,,,,,,1,0,0,-1,0,0,0,,,,,,,,,,,1,5,,0.0,,,,,,,,0,0.0,0.0,0.0,0.0,0.0,0.0,0.0,-1,1,1,5,,0.0,,,,,,,,,,,,,0.0,0.0,0.0,0.0,0.0,0.0,0.0,0.0,0.0,0.0,0.0,0.0,1,1
6,xve10u7m,,0,0,30,,,,0,,,0.0,,,,,,,,splv0pa2,,,,,1,bargaining_tdl,0.0,1.0,5,0,,6,,0.0,,,,,,,,,,,,,,,,,,,0.0,0.0,0.0,0.0,0.0,0.0,1,1,6,,0.0,,0.0,,,,0.0,0.0,0.0,0.0,,,,,,0.0,0.0,0.0,0.0,,,,,,,,1,0,0,-1,0,0,0,,,,,,,,,,,1,6,,0.0,,,,,,,,0,0.0,0.0,0.0,0.0,0.0,0.0,0.0,-1,1,1,6,,0.0,,,,,,,,,,,,,0.0,0.0,0.0,0.0,0.0,0.0,0.0,0.0,0.0,0.0,0.0,0.0,1,1
7,cbit92uz,,0,8,30,bargaining_tdl_intro,Goodbye,2026-05-06 15:31:16.736998,1,,,0.0,,,,,,,,splv0pa2,,,,,1,bargaining_tdl,0.0,1.0,5,0,,7,,0.0,,,,,,,,,,6,4,6,0,0,0,4,4,4,3.89,2.65,2.65,0.0,0.0,2.65,1,1,7,,0.0,,0.0,,,,0.0,0.0,0.0,0.0,,,,,,0.0,0.0,0.0,0.0,,,,,,,,1,0,0,-1,0,0,0,,,,,,,,,,,1,7,,0.0,,,,,,,,0,0.0,0.0,0.0,0.0,0.0,0.0,0.0,-1,1,1,7,,0.0,,,,,,,,,,,,,0.0,0.0,0.0,0.0,0.0,0.0,0.0,0.0,0.0,0.0,0.0,0.0,1,1
8,zunk5epx,,0,0,30,,,,0,,,0.0,,,,,,,,splv0pa2,,,,,1,bargaining_tdl,0.0,1.0,5,0,,8,,0.0,,,,,,,,,,,,,,,,,,,0.0,0.0,0.0,0.0,0.0,0.0,1,1,8,,0.0,,0.0,,,,0.0,0.0,0.0,0.0,,,,,,0.0,0.0,0.0,0.0,,,,,,,,1,0,0,-1,0,0,0,,,,,,,,,,,1,8,,0.0,,,,,,,,0,0.0,0.0,0.0,0.0,0.0,0.0,0.0,-1,1,1,8,,0.0,,,,,,,,,,,,,0.0,0.0,0.0,0.0,0.0,0.0,0.0,0.0,0.0,0.0,0.0,0.0,1,1
9,se0jjclt,,0,0,30,,,,0,,,0.0,,,,,,,,splv0pa2,,,,,1,bargaining_tdl,0.0,1.0,5,0,,9,,0.0,,,,,,,,,,,,,,,,,,,0.0,0.0,0.0,0.0,0.0,0.0,1,1,9,,0.0,,0.0,,,,0.0,0.0,0.0,0.0,,,,,,0.0,0.0,0.0,0.0,,,,,,,,1,0,0,-1,0,0,0,,,,,,,,,,,1,9,,0.0,,,,,,,,0,0.0,0.0,0.0,0.0,0.0,0.0,0.0,-1,1,1,9,,0.0,,,,,,,,,,,,,0.0,0.0,0.0,0.0,0.0,0.0,0.0,0.0,0.0,0.0,0.0,0.0,1,1
1,xx5v8f4r,,0,8,33,bargaining_tdl_intro,Goodbye,2026-05-13 17:21:48.516825,1,,,0.0,,,,1,intro_control_questions_attempt_1_timeout,,,c1imh7lc,,,,,1,bargaining_tdl,0.0,1.0,5,0,https://app.prolific.com/submissions/complete?cc=C1HQEIID,1,,0.0,,,,,,,,,,6,0,6,4,4,4,0,0,0,44.91,19.32,132.94,0.0,0.0,132.94,1,1,1,,0.0,,0.0,,,,0.0,0.0,0.0,0.0,,,,,,0.0,0.0,0.0,0.0,0,0.0,1,,,,,1,0,0,-1,0,0,0,0,0.0,0,0.0,0.0,0.0,0.0,0.0,0.0,1,1,1,,0.0,,,,,,,,0,0.0,0.0,0.0,0.0,0.0,0.0,0.0,-1,1,1,1,,0.0,,,,,,,,,,,,,0.0,0.0,0.0,0.0,0.0,0.0,0.0,0.0,0.0,0.0,0.0,0.0,1,1
2,mlty2epe,,0,8,33,bargaining_tdl_intro,Goodbye,2026-05-13 17:21:50.966110,1,,,0.0,,,,1,intro_control_questions_attempt_1_timeout,,,c1imh7lc,,,,,1,bargaining_tdl,0.0,1.0,5,0,https://app.prolific.com/submissions/complete?cc=C1HQEIID,2,,0.0,,,,,,,,,,6,0,6,4,4,4,0,0,0,503.04,5.15,157.23,0.0,0.0,157.23,1,1,2,,0.0,,0.0,,,,0.0,0.0,0.0,0.0,,,,,,0.0,0.0,0.0,0.0,0,0.0,1,,,,,1,0,0,-1,0,0,0,0,0.0,0,0.0,0.0,0.0,0.0,0.0,0.0,1,1,2,,0.0,,,,,,,,0,0.0,0.0,0.0,0.0,0.0,0.0,0.0,-1,1,1,2,,0.0,,,,,,,,,,,,,0.0,0.0,0.0,0.0,0.0,0.0,0.0,0.0,0.0,0.0,0.0,0.0,1,1
3,ars6wt6w,,0,3,33,bargaining_tdl_intro,ControlQuestionsAttempt1,2026-05-13 17:21:53.641578,1,,,0.0,,,,,,,,c1imh7lc,,,,,1,bargaining_tdl,0.0,1.0,5,0,https://app.prolific.com/submissions/complete?cc=C1HQEIID,3,,0.0,,,,,,,,,,,,,,,,,,,5554.52,3.77,0.0,0.0,0.0,3.77,1,1,3,,0.0,,0.0,,,,0.0,0.0,0.0,0.0,,,,,,0.0,0.0,0.0,0.0,0,0.0,1,,,,,1,0,0,-1,0,0,0,0,0.0,0,0.0,0.0,0.0,0.0,0.0,0.0,1,1,3,,0.0,,,,,,,,0,0.0,0.0,0.0,0.0,0.0,0.0,0.0,-1,1,1,3,,0.0,,,,,,,,,,,,,0.0,0.0,0.0,0.0,0.0,0.0,0.0,0.0,0.0,0.0,0.0,0.0,1,1
4,8jmoid6y,,0,8,33,bargaining_tdl_intro,Goodbye,2026-05-13 18:31:15.737016,1,,,0.0,,,,1,intro_control_questions_attempt_1_timeout,,,c1imh7lc,,,,,1,bargaining_tdl,0.0,1.0,5,0,https://app.prolific.com/submissions/complete?cc=C1HQEIID,4,,0.0,,,,,,,,,,6,0,6,4,4,4,0,0,0,2.51,9.9,0.11,0.0,0.0,0.11,1,1,4,,0.0,,0.0,,,,0.0,0.0,0.0,0.0,,,,,,0.0,0.0,0.0,0.0,0,0.0,1,,,,,1,0,0,-1,0,0,0,0,0.0,0,0.0,0.0,0.0,0.0,0.0,0.0,1,1,4,,0.0,,,,,,,,0,0.0,0.0,0.0,0.0,0.0,0.0,0.0,-1,1,1,4,,0.0,,,,,,,,,,,,,0.0,0.0,0.0,0.0,0.0,0.0,0.0,0.0,0.0,0.0,0.0,0.0,1,1
5,eozq9x59,,0,0,33,,,,0,,,0.0,,,,,,,,c1imh7lc,,,,,1,bargaining_tdl,0.0,1.0,5,0,https://app.prolific.com/submissions/complete?cc=C1HQEIID,5,,0.0,,,,,,,,,,,,,,,,,,,0.0,0.0,0.0,0.0,0.0,0.0,1,1,5,,0.0,,0.0,,,,0.0,0.0,0.0,0.0,,,,,,0.0,0.0,0.0,0.0,0,0.0,1,,,,,1,0,0,-1,0,0,0,0,0.0,0,0.0,0.0,0.0,0.0,0.0,0.0,1,1,5,,0.0,,,,,,,,0,0.0,0.0,0.0,0.0,0.0,0.0,0.0,-1,1,1,5,,0.0,,,,,,,,,,,,,0.0,0.0,0.0,0.0,0.0,0.0,0.0,0.0,0.0,0.0,0.0,0.0,1,1
6,2doo0be4,,0,0,33,,,,0,,,0.0,,,,,,,,c1imh7lc,,,,,1,bargaining_tdl,0.0,1.0,5,0,https://app.prolific.com/submissions/complete?cc=C1HQEIID,6,,0.0,,,,,,,,,,,,,,,,,,,0.0,0.0,0.0,0.0,0.0,0.0,1,1,6,,0.0,,0.0,,,,0.0,0.0,0.0,0.0,,,,,,0.0,0.0,0.0,0.0,0,0.0,1,,,,,1,0,0,-1,0,0,0,0,0.0,0,0.0,0.0,0.0,0.0,0.0,0.0,1,1,6,,0.0,,,,,,,,0,0.0,0.0,0.0,0.0,0.0,0.0,0.0,-1,1,1,6,,0.0,,,,,,,,,,,,,0.0,0.0,0.0,0.0,0.0,0.0,0.0,0.0,0.0,0.0,0.0,0.0,1,1
7,fav89uf6,,0,0,33,,,,0,,,0.0,,,,,,,,c1imh7lc,,,,,1,bargaining_tdl,0.0,1.0,5,0,https://app.prolific.com/submissions/complete?cc=C1HQEIID,7,,0.0,,,,,,,,,,,,,,,,,,,0.0,0.0,0.0,0.0,0.0,0.0,1,1,7,,0.0,,0.0,,,,0.0,0.0,0.0,0.0,,,,,,0.0,0.0,0.0,0.0,0,0.0,1,,,,,1,0,0,-1,0,0,0,0,0.0,0,0.0,0.0,0.0,0.0,0.0,0.0,1,1,7,,0.0,,,,,,,,0,0.0,0.0,0.0,0.0,0.0,0.0,0.0,-1,1,1,7,,0.0,,,,,,,,,,,,,0.0,0.0,0.0,0.0,0.0,0.0,0.0,0.0,0.0,0.0,0.0,0.0,1,1
8,020r20wf,,0,0,33,,,,0,,,0.0,,,,,,,,c1imh7lc,,,,,1,bargaining_tdl,0.0,1.0,5,0,https://app.prolific.com/submissions/complete?cc=C1HQEIID,8,,0.0,,,,,,,,,,,,,,,,,,,0.0,0.0,0.0,0.0,0.0,0.0,1,1,8,,0.0,,0.0,,,,0.0,0.0,0.0,0.0,,,,,,0.0,0.0,0.0,0.0,0,0.0,1,,,,,1,0,0,-1,0,0,0,0,0.0,0,0.0,0.0,0.0,0.0,0.0,0.0,1,1,8,,0.0,,,,,,,,0,0.0,0.0,0.0,0.0,0.0,0.0,0.0,-1,1,1,8,,0.0,,,,,,,,,,,,,0.0,0.0,0.0,0.0,0.0,0.0,0.0,0.0,0.0,0.0,0.0,0.0,1,1
9,xqs7m7k0,,0,0,33,,,,0,,,0.0,,,,,,,,c1imh7lc,,,,,1,bargaining_tdl,0.0,1.0,5,0,https://app.prolific.com/submissions/complete?cc=C1HQEIID,9,,0.0,,,,,,,,,,,,,,,,,,,0.0,0.0,0.0,0.0,0.0,0.0,1,1,9,,0.0,,0.0,,,,0.0,0.0,0.0,0.0,,,,,,0.0,0.0,0.0,0.0,0,0.0,1,,,,,1,0,0,-1,0,0,0,0,0.0,0,0.0,0.0,0.0,0.0,0.0,0.0,1,1,9,,0.0,,,,,,,,0,0.0,0.0,0.0,0.0,0.0,0.0,0.0,-1,1,1,9,,0.0,,,,,,,,,,,,,0.0,0.0,0.0,0.0,0.0,0.0,0.0,0.0,0.0,0.0,0.0,0.0,1,1
1,qdunfizc,,0,12,33,bargaining_tdl_main,ExperimentTerminated,2026-05-13 20:09:12.044376,1,,,0.0,,,,1,main_signals_timeout,0,1,ejh6d5yh,,,,,1,bargaining_tdl,0.0,1.0,5,0,https://app.prolific.com/submissions/complete?cc=C1HQEIID,1,,0.0,,,,,,,,,,6,0,6,4,4,4,0,0,0,182.1,4.05,270.58,0.0,0.0,270.58,1,1,1,,0.0,Red,0.0,split_you,split_you,,182.1,277.38,41.27,318.65,,,,,,0.0,0.0,0.0,41.27,1,1778703728.3199432,1,,,,,2,0,0,-1,1,1,1,0,0.0,0,1778703728.3199432,1778703745.7172704,1778703744.7176874,1778703756.5256765,0.0,1778703772.9936423,1,1,1,,0.0,,,,,,,,0,0.0,0.0,0.0,0.0,0.0,0.0,0.0,-1,1,1,1,,0.0,,,,,,,,,,,,,0.0,0.0,0.0,0.0,0.0,0.0,0.0,0.0,0.0,0.0,0.0,0.0,1,1
2,8uh4egjg,,0,12,33,bargaining_tdl_main,ExperimentTerminated,2026-05-13 20:09:15.173498,1,,,0.0,,,,1,main_signals_timeout,0,1,ejh6d5yh,,,,,1,bargaining_tdl,0.0,1.0,5,0,https://app.prolific.com/submissions/complete?cc=C1HQEIID,2,,0.0,,,,,,,,,,6,0,6,4,4,4,0,0,0,118.87,3.58,20.64,0.0,0.0,20.64,1,1,2,,0.0,Green,0.0,split_you,split_you,,118.87,325.77,4.91,330.68,,,,,,0.0,0.0,0.0,4.91,0,0.0,1,,,,,2,0,0,-1,1,1,1,0,0.0,0,1778703728.3199432,1778703745.7172704,1778703744.7176874,1778703756.5256765,0.0,1778703772.9936423,1,1,2,,0.0,,,,,,,,0,0.0,0.0,0.0,0.0,0.0,0.0,0.0,-1,1,1,2,,0.0,,,,,,,,,,,,,0.0,0.0,0.0,0.0,0.0,0.0,0.0,0.0,0.0,0.0,0.0,0.0,1,1
3,x317hbjx,,0,12,33,bargaining_tdl_main,ExperimentTerminated,2026-05-13 20:09:18.268737,1,,,0.0,,,,1,main_signals_timeout,0,1,ejh6d5yh,,,,,1,bargaining_tdl,0.0,1.0,5,0,https://app.prolific.com/submissions/complete?cc=C1HQEIID,3,,0.0,,,,,,,,,,6,0,6,4,4,4,0,0,0,2.9,20.44,14.06,0.0,0.0,14.06,1,1,3,,0.0,Blue,0.0,split_you,split_you,,2.9,64.97,167.73,232.7,,,,,,0.0,0.0,0.0,167.73,1,1778703744.5437536,1,,,,,2,0,0,-1,1,1,1,0,0.0,0,1778703728.3199432,1778703745.7172704,1778703744.7176874,1778703756.5256765,0.0,1778703772.9936423,1,1,3,,0.0,,,,,,,,0,0.0,0.0,0.0,0.0,0.0,0.0,0.0,-1,1,1,3,,0.0,,,,,,,,,,,,,0.0,0.0,0.0,0.0,0.0,0.0,0.0,0.0,0.0,0.0,0.0,0.0,1,1
4,xhvoqag7,,0,12,33,bargaining_tdl_main,ExperimentTerminated,2026-05-13 20:26:50.446929,1,,,0.0,,,,1,main_signals_timeout,0,1,ejh6d5yh,,,,,1,bargaining_tdl,0.0,1.0,5,0,https://app.prolific.com/submissions/complete?cc=C1HQEIID,4,,0.0,,,,,,,,,,6,0,6,4,4,4,0,0,0,323.54,3.61,19.13,0.0,0.0,19.13,1,1,1,,0.0,Red,0.0,split_you,split_you,,323.54,23.72,125.86,149.57999999999998,,,,,,0.0,0.0,0.0,125.86,1,1778704386.6032357,1,,,,,3,0,0,-1,1,1,1,0,0.0,0,1778704386.6032357,1778704636.8406284,1778704638.2579043,1778704413.9037268,1778704665.3336592,0.0,1,1,4,,0.0,,,,,,,,0,0.0,0.0,0.0,0.0,0.0,0.0,0.0,-1,1,1,4,,0.0,,,,,,,,,,,,,0.0,0.0,0.0,0.0,0.0,0.0,0.0,0.0,0.0,0.0,0.0,0.0,1,1
5,21zai1rp,,0,13,33,bargaining_tdl_main,DataMappingWaitPage,2026-05-13 20:26:56.478195,1,,,0.0,,,,,,0,1,ejh6d5yh,,,,,1,bargaining_tdl,0.0,1.0,5,0,https://app.prolific.com/submissions/complete?cc=C1HQEIID,5,,0.0,,,,,,,,,,6,0,6,4,4,4,0,0,0,257.52,2.49,18.06,0.0,0.0,18.06,1,1,2,,0.0,Green,0.0,split_you,split_you,right,257.52,234.41,99.08,333.49,,,,,,0.0,0.0,0.0,99.08,1,1778704636.785526,1,,,,,3,0,0,-1,1,1,1,0,0.0,0,1778704386.6032357,1778704636.8406284,1778704638.2579043,1778704413.9037268,1778704665.3336592,0.0,1,1,5,,0.0,,,,,,,,0,0.0,0.0,0.0,0.0,0.0,0.0,0.0,-1,1,1,5,,0.0,,,,,,,,,,,,,0.0,0.0,0.0,0.0,0.0,0.0,0.0,0.0,0.0,0.0,0.0,0.0,1,1
6,ddrcqhmp,,0,13,33,bargaining_tdl_main,DataMappingWaitPage,2026-05-13 20:27:00.056227,1,,,0.0,,,,,,0,1,ejh6d5yh,,,,,1,bargaining_tdl,0.0,1.0,5,0,https://app.prolific.com/submissions/complete?cc=C1HQEIID,6,,0.0,,,,,,,,,,6,0,6,4,4,4,0,0,0,2.5,5.67,146.01,0.0,0.0,146.01,1,1,3,,0.0,Blue,0.0,split_you,split_you,right,2.5,270.25,91.56,361.81,,,,,,0.0,0.0,0.0,91.56,1,1778704612.0096922,1,,,,,3,0,0,-1,1,1,1,0,0.0,0,1778704386.6032357,1778704636.8406284,1778704638.2579043,1778704413.9037268,1778704665.3336592,0.0,1,1,6,,0.0,,,,,,,,0,0.0,0.0,0.0,0.0,0.0,0.0,0.0,-1,1,1,6,,0.0,,,,,,,,,,,,,0.0,0.0,0.0,0.0,0.0,0.0,0.0,0.0,0.0,0.0,0.0,0.0,1,1
7,kqvipga5,,0,0,33,,,,0,,,0.0,,,,,,,,ejh6d5yh,,,,,1,bargaining_tdl,0.0,1.0,5,0,https://app.prolific.com/submissions/complete?cc=C1HQEIID,7,,0.0,,,,,,,,,,,,,,,,,,,0.0,0.0,0.0,0.0,0.0,0.0,1,1,7,,0.0,,0.0,,,,0.0,0.0,0.0,0.0,,,,,,0.0,0.0,0.0,0.0,0,0.0,1,,,,,1,0,0,-1,0,0,0,0,0.0,0,0.0,0.0,0.0,0.0,0.0,0.0,1,1,7,,0.0,,,,,,,,0,0.0,0.0,0.0,0.0,0.0,0.0,0.0,-1,1,1,7,,0.0,,,,,,,,,,,,,0.0,0.0,0.0,0.0,0.0,0.0,0.0,0.0,0.0,0.0,0.0,0.0,1,1
8,rtkfpb2r,,0,0,33,,,,0,,,0.0,,,,,,,,ejh6d5yh,,,,,1,bargaining_tdl,0.0,1.0,5,0,https://app.prolific.com/submissions/complete?cc=C1HQEIID,8,,0.0,,,,,,,,,,,,,,,,,,,0.0,0.0,0.0,0.0,0.0,0.0,1,1,8,,0.0,,0.0,,,,0.0,0.0,0.0,0.0,,,,,,0.0,0.0,0.0,0.0,0,0.0,1,,,,,1,0,0,-1,0,0,0,0,0.0,0,0.0,0.0,0.0,0.0,0.0,0.0,1,1,8,,0.0,,,,,,,,0,0.0,0.0,0.0,0.0,0.0,0.0,0.0,-1,1,1,8,,0.0,,,,,,,,,,,,,0.0,0.0,0.0,0.0,0.0,0.0,0.0,0.0,0.0,0.0,0.0,0.0,1,1
9,9ha0rqbg,,0,0,33,,,,0,,,0.0,,,,,,,,ejh6d5yh,,,,,1,bargaining_tdl,0.0,1.0,5,0,https://app.prolific.com/submissions/complete?cc=C1HQEIID,9,,0.0,,,,,,,,,,,,,,,,,,,0.0,0.0,0.0,0.0,0.0,0.0,1,1,9,,0.0,,0.0,,,,0.0,0.0,0.0,0.0,,,,,,0.0,0.0,0.0,0.0,0,0.0,1,,,,,1,0,0,-1,0,0,0,0,0.0,0,0.0,0.0,0.0,0.0,0.0,0.0,1,1,9,,0.0,,,,,,,,0,0.0,0.0,0.0,0.0,0.0,0.0,0.0,-1,1,1,9,,0.0,,,,,,,,,,,,,0.0,0.0,0.0,0.0,0.0,0.0,0.0,0.0,0.0,0.0,0.0,0.0,1,1
1,m07p2qe8,,0,18,33,bargaining_tdl_part3,InstructionsPart3,2026-05-13 21:12:05.112804,1,,,6.0,,,,,,0,1,au0m6awf,,,,,1,bargaining_tdl,0.0,1.0,5,0,https://app.prolific.com/submissions/complete?cc=C1HQEIID,1,,0.0,,,,,,,,,,6,0,6,4,4,4,0,0,0,61.94,3.49,22.06,0.0,0.0,22.06,1,1,1,,6.0,Red,6.0,split_both,split_both,right,61.94,5.06,10.46,15.52,Right,split_you,split_you,flq09o5e,ocdryxch,0.0,246.26,46.36,46.36,1,1778706826.0018458,1,,,,,2,1,0,1,1,1,1,0,0.0,0,1778706826.0018458,1778706847.3899643,1778706848.71914,1778706853.6948192,1778706875.5992599,0.0,1,1,1,,0.0,,,,,,,,0,0.0,0.0,0.0,0.0,0.0,0.0,0.0,-1,1,1,1,,0.0,,,,,,,,,,,,,0.0,0.0,0.0,0.0,0.0,0.0,0.0,0.0,0.0,0.0,0.0,0.0,1,1
2,ocdryxch,,0,18,33,bargaining_tdl_part3,InstructionsPart3,2026-05-13 21:12:08.260718,1,,,6.0,,,,,,0,1,au0m6awf,,,,,1,bargaining_tdl,0.0,1.0,5,0,https://app.prolific.com/submissions/complete?cc=C1HQEIID,2,,0.0,,,,,,,,,,6,0,6,4,4,4,0,0,0,37.06,3.41,21.02,0.0,0.0,21.02,1,1,2,,6.0,Green,6.0,split_you,split_you,right,37.06,25.83,5.54,31.369999999999997,Left,split_both,split_you,m07p2qe8,flq09o5e,0.0,63.99,49.65,49.65,1,1778706847.3899643,1,,,,,2,1,0,1,1,1,1,0,0.0,0,1778706826.0018458,1778706847.3899643,1778706848.71914,1778706853.6948192,1778706875.5992599,0.0,1,1,2,,0.0,,,,,,,,0,0.0,0.0,0.0,0.0,0.0,0.0,0.0,-1,1,1,2,,0.0,,,,,,,,,,,,,0.0,0.0,0.0,0.0,0.0,0.0,0.0,0.0,0.0,0.0,0.0,0.0,1,1
3,flq09o5e,,0,20,33,bargaining_tdl_part3,ThankYouPart3,2026-05-13 21:12:10.954216,1,,,0.0,,,,1,part3_decision_timeout,0,1,au0m6awf,,,,,1,bargaining_tdl,0.0,1.0,5,0,https://app.prolific.com/submissions/complete?cc=C1HQEIID,3,,0.0,,,,,,,,,,6,0,6,4,4,4,0,0,0,4.42,2.82,21.93,0.0,0.0,21.93,1,1,3,,0.0,Blue,0.0,split_you,split_you,left,4.42,27.66,68.88,96.53999999999999,Both,split_you,split_both,ocdryxch,m07p2qe8,0.0,30.84,52.98,52.98,0,0.0,1,,,,,2,1,0,1,1,1,1,0,0.0,0,1778706826.0018458,1778706847.3899643,1778706848.71914,1778706853.6948192,1778706875.5992599,0.0,1,1,3,,0.0,share_one,,,,,,,0,9.85,0.0,0.0,0.0,157.69,0.0,157.69,-1,1,1,3,,0.0,,,,,,,,,,,,,0.0,0.0,0.0,0.0,0.0,0.0,0.0,0.0,0.0,0.0,0.0,0.0,1,1
4,crfn3r7o,,0,0,33,,,,0,,,0.0,,,,,,,,au0m6awf,,,,,1,bargaining_tdl,0.0,1.0,5,0,https://app.prolific.com/submissions/complete?cc=C1HQEIID,4,,0.0,,,,,,,,,,,,,,,,,,,0.0,0.0,0.0,0.0,0.0,0.0,1,1,4,,0.0,,0.0,,,,0.0,0.0,0.0,0.0,,,,,,0.0,0.0,0.0,0.0,0,0.0,1,,,,,1,0,0,-1,0,0,0,0,0.0,0,0.0,0.0,0.0,0.0,0.0,0.0,1,1,4,,0.0,,,,,,,,0,0.0,0.0,0.0,0.0,0.0,0.0,0.0,-1,1,1,4,,0.0,,,,,,,,,,,,,0.0,0.0,0.0,0.0,0.0,0.0,0.0,0.0,0.0,0.0,0.0,0.0,1,1
5,cdr48ip7,,0,0,33,,,,0,,,0.0,,,,,,,,au0m6awf,,,,,1,bargaining_tdl,0.0,1.0,5,0,https://app.prolific.com/submissions/complete?cc=C1HQEIID,5,,0.0,,,,,,,,,,,,,,,,,,,0.0,0.0,0.0,0.0,0.0,0.0,1,1,5,,0.0,,0.0,,,,0.0,0.0,0.0,0.0,,,,,,0.0,0.0,0.0,0.0,0,0.0,1,,,,,1,0,0,-1,0,0,0,0,0.0,0,0.0,0.0,0.0,0.0,0.0,0.0,1,1,5,,0.0,,,,,,,,0,0.0,0.0,0.0,0.0,0.0,0.0,0.0,-1,1,1,5,,0.0,,,,,,,,,,,,,0.0,0.0,0.0,0.0,0.0,0.0,0.0,0.0,0.0,0.0,0.0,0.0,1,1
6,enqxegpj,,0,0,33,,,,0,,,0.0,,,,,,,,au0m6awf,,,,,1,bargaining_tdl,0.0,1.0,5,0,https://app.prolific.com/submissions/complete?cc=C1HQEIID,6,,0.0,,,,,,,,,,,,,,,,,,,0.0,0.0,0.0,0.0,0.0,0.0,1,1,6,,0.0,,0.0,,,,0.0,0.0,0.0,0.0,,,,,,0.0,0.0,0.0,0.0,0,0.0,1,,,,,1,0,0,-1,0,0,0,0,0.0,0,0.0,0.0,0.0,0.0,0.0,0.0,1,1,6,,0.0,,,,,,,,0,0.0,0.0,0.0,0.0,0.0,0.0,0.0,-1,1,1,6,,0.0,,,,,,,,,,,,,0.0,0.0,0.0,0.0,0.0,0.0,0.0,0.0,0.0,0.0,0.0,0.0,1,1
7,xd6ys199,,0,0,33,,,,0,,,0.0,,,,,,,,au0m6awf,,,,,1,bargaining_tdl,0.0,1.0,5,0,https://app.prolific.com/submissions/complete?cc=C1HQEIID,7,,0.0,,,,,,,,,,,,,,,,,,,0.0,0.0,0.0,0.0,0.0,0.0,1,1,7,,0.0,,0.0,,,,0.0,0.0,0.0,0.0,,,,,,0.0,0.0,0.0,0.0,0,0.0,1,,,,,1,0,0,-1,0,0,0,0,0.0,0,0.0,0.0,0.0,0.0,0.0,0.0,1,1,7,,0.0,,,,,,,,0,0.0,0.0,0.0,0.0,0.0,0.0,0.0,-1,1,1,7,,0.0,,,,,,,,,,,,,0.0,0.0,0.0,0.0,0.0,0.0,0.0,0.0,0.0,0.0,0.0,0.0,1,1
8,eqvu9orf,,0,0,33,,,,0,,,0.0,,,,,,,,au0m6awf,,,,,1,bargaining_tdl,0.0,1.0,5,0,https://app.prolific.com/submissions/complete?cc=C1HQEIID,8,,0.0,,,,,,,,,,,,,,,,,,,0.0,0.0,0.0,0.0,0.0,0.0,1,1,8,,0.0,,0.0,,,,0.0,0.0,0.0,0.0,,,,,,0.0,0.0,0.0,0.0,0,0.0,1,,,,,1,0,0,-1,0,0,0,0,0.0,0,0.0,0.0,0.0,0.0,0.0,0.0,1,1,8,,0.0,,,,,,,,0,0.0,0.0,0.0,0.0,0.0,0.0,0.0,-1,1,1,8,,0.0,,,,,,,,,,,,,0.0,0.0,0.0,0.0,0.0,0.0,0.0,0.0,0.0,0.0,0.0,0.0,1,1
9,4t7me8rm,,0,0,33,,,,0,,,0.0,,,,,,,,au0m6awf,,,,,1,bargaining_tdl,0.0,1.0,5,0,https://app.prolific.com/submissions/complete?cc=C1HQEIID,9,,0.0,,,,,,,,,,,,,,,,,,,0.0,0.0,0.0,0.0,0.0,0.0,1,1,9,,0.0,,0.0,,,,0.0,0.0,0.0,0.0,,,,,,0.0,0.0,0.0,0.0,0,0.0,1,,,,,1,0,0,-1,0,0,0,0,0.0,0,0.0,0.0,0.0,0.0,0.0,0.0,1,1,9,,0.0,,,,,,,,0,0.0,0.0,0.0,0.0,0.0,0.0,0.0,-1,1,1,9,,0.0,,,,,,,,,,,,,0.0,0.0,0.0,0.0,0.0,0.0,0.0,0.0,0.0,0.0,0.0,0.0,1,1
1,142968nx,,0,20,32,bargaining_tdl_part3,ResultsPart3,2026-05-13 21:44:33.393407,1,,,0.0,,,,,,0,1,4w4jiqbc,,,,,1,bargaining_tdl,0.0,1.0,5,0,https://app.prolific.com/submissions/complete?cc=C1HQEIID,1,,0.0,,,,,,,,,,6,0,6,4,4,4,0,0,0,60.93,3.56,16.46,0.0,0.0,16.46,1,1,1,,0.0,Red,4.0,split_you,split_you,right,60.93,4.5,5.87,10.370000000000001,Both,split_you,split_both,09uqr9jb,lqh2y9rm,0.0,19.83,6.23,6.23,1,1778708761.383491,1,,,,,2,1,1,0,1,1,1,0,0.0,0,1778708761.383491,1778708772.819949,1778708773.7171476,1778708789.41791,1778708801.404904,0.0,1,1,1,,0.0,share_one,,,,,,,0,230.33,0.0,0.0,0.0,230.33,0.0,230.33,-1,1,1,1,,0.0,,,,,,,,,,,,,0.0,0.0,0.0,0.0,0.0,0.0,0.0,0.0,0.0,0.0,0.0,0.0,1,1
2,lqh2y9rm,,0,17,32,bargaining_tdl_main,Results,2026-05-13 21:44:37.783092,1,,,0.0,,,,,,0,1,4w4jiqbc,,,,,1,bargaining_tdl,0.0,1.0,5,0,https://app.prolific.com/submissions/complete?cc=C1HQEIID,2,,0.0,,,,,,,,,,6,0,6,4,4,4,0,0,0,31.23,3.75,18.16,0.0,0.0,18.16,1,1,2,,0.0,Green,4.0,split_both,split_both,right,31.23,15.0,5.0,20.0,Both,split_you,split_you,142968nx,09uqr9jb,0.0,14.36,0.0,14.36,1,1778708772.819949,1,,,,,2,1,1,0,1,1,1,0,0.0,0,1778708761.383491,1778708772.819949,1778708773.7171476,1778708789.41791,1778708801.404904,0.0,1,1,2,,0.0,,,,,,,,0,0.0,0.0,0.0,0.0,0.0,0.0,0.0,-1,1,1,2,,0.0,,,,,,,,,,,,,0.0,0.0,0.0,0.0,0.0,0.0,0.0,0.0,0.0,0.0,0.0,0.0,1,1
3,09uqr9jb,,0,18,32,bargaining_tdl_part3,InstructionsPart3,2026-05-13 21:44:40.541054,1,,,0.0,,,,,,0,1,4w4jiqbc,,,,,1,bargaining_tdl,0.0,1.0,5,0,https://app.prolific.com/submissions/complete?cc=C1HQEIID,3,,0.0,,,,,,,,,,6,0,6,4,4,4,0,0,0,2.27,3.23,19.06,0.0,0.0,19.06,1,1,3,,0.0,Blue,4.0,split_you,split_you,right,2.27,16.71,9.23,25.94,Both,split_both,split_you,lqh2y9rm,142968nx,0.0,9.32,292.25,292.25,0,0.0,1,,,,,2,1,1,0,1,1,1,0,0.0,0,1778708761.383491,1778708772.819949,1778708773.7171476,1778708789.41791,1778708801.404904,0.0,1,1,3,,0.0,,,,,,,,0,0.0,0.0,0.0,0.0,0.0,0.0,0.0,-1,1,1,3,,0.0,,,,,,,,,,,,,0.0,0.0,0.0,0.0,0.0,0.0,0.0,0.0,0.0,0.0,0.0,0.0,1,1
4,k3lnbayu,,0,0,32,,,,0,,,0.0,,,,,,,,4w4jiqbc,,,,,1,bargaining_tdl,0.0,1.0,5,0,https://app.prolific.com/submissions/complete?cc=C1HQEIID,4,,0.0,,,,,,,,,,,,,,,,,,,0.0,0.0,0.0,0.0,0.0,0.0,1,1,4,,0.0,,0.0,,,,0.0,0.0,0.0,0.0,,,,,,0.0,0.0,0.0,0.0,0,0.0,1,,,,,1,0,0,-1,0,0,0,0,0.0,0,0.0,0.0,0.0,0.0,0.0,0.0,1,1,4,,0.0,,,,,,,,0,0.0,0.0,0.0,0.0,0.0,0.0,0.0,-1,1,1,4,,0.0,,,,,,,,,,,,,0.0,0.0,0.0,0.0,0.0,0.0,0.0,0.0,0.0,0.0,0.0,0.0,1,1
5,7nbdijkd,,0,0,32,,,,0,,,0.0,,,,,,,,4w4jiqbc,,,,,1,bargaining_tdl,0.0,1.0,5,0,https://app.prolific.com/submissions/complete?cc=C1HQEIID,5,,0.0,,,,,,,,,,,,,,,,,,,0.0,0.0,0.0,0.0,0.0,0.0,1,1,5,,0.0,,0.0,,,,0.0,0.0,0.0,0.0,,,,,,0.0,0.0,0.0,0.0,0,0.0,1,,,,,1,0,0,-1,0,0,0,0,0.0,0,0.0,0.0,0.0,0.0,0.0,0.0,1,1,5,,0.0,,,,,,,,0,0.0,0.0,0.0,0.0,0.0,0.0,0.0,-1,1,1,5,,0.0,,,,,,,,,,,,,0.0,0.0,0.0,0.0,0.0,0.0,0.0,0.0,0.0,0.0,0.0,0.0,1,1
6,7l260kih,,0,0,32,,,,0,,,0.0,,,,,,,,4w4jiqbc,,,,,1,bargaining_tdl,0.0,1.0,5,0,https://app.prolific.com/submissions/complete?cc=C1HQEIID,6,,0.0,,,,,,,,,,,,,,,,,,,0.0,0.0,0.0,0.0,0.0,0.0,1,1,6,,0.0,,0.0,,,,0.0,0.0,0.0,0.0,,,,,,0.0,0.0,0.0,0.0,0,0.0,1,,,,,1,0,0,-1,0,0,0,0,0.0,0,0.0,0.0,0.0,0.0,0.0,0.0,1,1,6,,0.0,,,,,,,,0,0.0,0.0,0.0,0.0,0.0,0.0,0.0,-1,1,1,6,,0.0,,,,,,,,,,,,,0.0,0.0,0.0,0.0,0.0,0.0,0.0,0.0,0.0,0.0,0.0,0.0,1,1
7,bypw3aoy,,0,0,32,,,,0,,,0.0,,,,,,,,4w4jiqbc,,,,,1,bargaining_tdl,0.0,1.0,5,0,https://app.prolific.com/submissions/complete?cc=C1HQEIID,7,,0.0,,,,,,,,,,,,,,,,,,,0.0,0.0,0.0,0.0,0.0,0.0,1,1,7,,0.0,,0.0,,,,0.0,0.0,0.0,0.0,,,,,,0.0,0.0,0.0,0.0,0,0.0,1,,,,,1,0,0,-1,0,0,0,0,0.0,0,0.0,0.0,0.0,0.0,0.0,0.0,1,1,7,,0.0,,,,,,,,0,0.0,0.0,0.0,0.0,0.0,0.0,0.0,-1,1,1,7,,0.0,,,,,,,,,,,,,0.0,0.0,0.0,0.0,0.0,0.0,0.0,0.0,0.0,0.0,0.0,0.0,1,1
8,cbmuuktw,,0,0,32,,,,0,,,0.0,,,,,,,,4w4jiqbc,,,,,1,bargaining_tdl,0.0,1.0,5,0,https://app.prolific.com/submissions/complete?cc=C1HQEIID,8,,0.0,,,,,,,,,,,,,,,,,,,0.0,0.0,0.0,0.0,0.0,0.0,1,1,8,,0.0,,0.0,,,,0.0,0.0,0.0,0.0,,,,,,0.0,0.0,0.0,0.0,0,0.0,1,,,,,1,0,0,-1,0,0,0,0,0.0,0,0.0,0.0,0.0,0.0,0.0,0.0,1,1,8,,0.0,,,,,,,,0,0.0,0.0,0.0,0.0,0.0,0.0,0.0,-1,1,1,8,,0.0,,,,,,,,,,,,,0.0,0.0,0.0,0.0,0.0,0.0,0.0,0.0,0.0,0.0,0.0,0.0,1,1
9,sthyvobh,,0,0,32,,,,0,,,0.0,,,,,,,,4w4jiqbc,,,,,1,bargaining_tdl,0.0,1.0,5,0,https://app.prolific.com/submissions/complete?cc=C1HQEIID,9,,0.0,,,,,,,,,,,,,,,,,,,0.0,0.0,0.0,0.0,0.0,0.0,1,1,9,,0.0,,0.0,,,,0.0,0.0,0.0,0.0,,,,,,0.0,0.0,0.0,0.0,0,0.0,1,,,,,1,0,0,-1,0,0,0,0,0.0,0,0.0,0.0,0.0,0.0,0.0,0.0,1,1,9,,0.0,,,,,,,,0,0.0,0.0,0.0,0.0,0.0,0.0,0.0,-1,1,1,9,,0.0,,,,,,,,,,,,,0.0,0.0,0.0,0.0,0.0,0.0,0.0,0.0,0.0,0.0,0.0,0.0,1,1
1,twn77sp8,,0,32,32,bargaining_tdl_survey,FinalResults,2026-05-13 22:14:47.274477,1,,,0.0,,,,,,0,1,w2jmoosi,,,,,1,bargaining_tdl,0.0,1.0,5,0,https://app.prolific.com/submissions/complete?cc=C1HQEIID,1,,0.0,,,,,,,,,,6,0,6,4,4,4,0,0,0,2.75,3.13,18.44,0.0,0.0,18.44,1,1,1,,0.0,Red,0.0,split_both,split_both,right,2.75,10.44,5.04,15.48,Right,split_you,split_other,jno7jts1,s5w1zx3z,0.0,24.52,3.32,3.32,0,0.0,1,,,,,3,0,0,1,1,1,1,0,0.0,0,1778710581.714402,1778710580.952605,1778710575.8716586,0.0,1778710609.4591808,1778710604.0420175,1,1,1,,0.0,share_both,,,,,,,0,51.47,0.0,0.0,0.0,51.47,4.21,4.21,-1,1,1,1,,0.0,0,33,edc,19,employee,10,10,10,10,10,10,2.0,17.65,3.01,14.45,6.22,4.33,2.21,2.68,2.35,2.68,4.53,17.65,0.0,1,1
2,s5w1zx3z,,0,17,32,bargaining_tdl_main,Results,2026-05-13 22:15:15.466146,1,,,0.0,,,,,,0,1,w2jmoosi,,,,,1,bargaining_tdl,0.0,1.0,5,0,https://app.prolific.com/submissions/complete?cc=C1HQEIID,2,,0.0,,,,,,,,,,6,0,6,4,4,4,0,0,0,2.35,2.84,19.29,0.0,0.0,19.29,1,1,2,,0.0,Green,0.0,split_other,split_other,right,2.35,9.18,10.2,19.38,Both,split_both,split_you,twn77sp8,jno7jts1,0.0,18.39,0.0,18.39,1,1778710580.952605,1,,,,,3,0,0,1,1,1,1,0,0.0,0,1778710581.714402,1778710580.952605,1778710575.8716586,0.0,1778710609.4591808,1778710604.0420175,1,1,2,,0.0,,,,,,,,0,0.0,0.0,0.0,0.0,0.0,0.0,0.0,-1,1,1,2,,0.0,,,,,,,,,,,,,0.0,0.0,0.0,0.0,0.0,0.0,0.0,0.0,0.0,0.0,0.0,0.0,1,1
3,jno7jts1,,0,17,32,bargaining_tdl_main,Results,2026-05-13 22:15:45.183245,1,,,0.0,,,,,,0,1,w2jmoosi,,,,,1,bargaining_tdl,0.0,1.0,5,0,https://app.prolific.com/submissions/complete?cc=C1HQEIID,3,,0.0,,,,,,,,,,6,0,6,4,4,4,0,0,0,1.76,3.72,18.83,0.0,0.0,18.83,1,1,3,,0.0,Blue,0.0,split_you,split_you,right,1.76,4.74,19.86,24.6,Left,split_other,split_both,s5w1zx3z,twn77sp8,0.0,12.44,0.0,12.44,1,1778710575.8716586,1,,,,,3,0,0,1,1,1,1,0,0.0,0,1778710581.714402,1778710580.952605,1778710575.8716586,0.0,1778710609.4591808,1778710604.0420175,1,1,3,,0.0,,,,,,,,0,0.0,0.0,0.0,0.0,0.0,0.0,0.0,-1,1,1,3,,0.0,,,,,,,,,,,,,0.0,0.0,0.0,0.0,0.0,0.0,0.0,0.0,0.0,0.0,0.0,0.0,1,1
4,p0tioh85,,0,0,32,,,,0,,,0.0,,,,,,,,w2jmoosi,,,,,1,bargaining_tdl,0.0,1.0,5,0,https://app.prolific.com/submissions/complete?cc=C1HQEIID,4,,0.0,,,,,,,,,,,,,,,,,,,0.0,0.0,0.0,0.0,0.0,0.0,1,1,4,,0.0,,0.0,,,,0.0,0.0,0.0,0.0,,,,,,0.0,0.0,0.0,0.0,0,0.0,1,,,,,1,0,0,-1,0,0,0,0,0.0,0,0.0,0.0,0.0,0.0,0.0,0.0,1,1,4,,0.0,,,,,,,,0,0.0,0.0,0.0,0.0,0.0,0.0,0.0,-1,1,1,4,,0.0,,,,,,,,,,,,,0.0,0.0,0.0,0.0,0.0,0.0,0.0,0.0,0.0,0.0,0.0,0.0,1,1
5,5jkvzplo,,0,0,32,,,,0,,,0.0,,,,,,,,w2jmoosi,,,,,1,bargaining_tdl,0.0,1.0,5,0,https://app.prolific.com/submissions/complete?cc=C1HQEIID,5,,0.0,,,,,,,,,,,,,,,,,,,0.0,0.0,0.0,0.0,0.0,0.0,1,1,5,,0.0,,0.0,,,,0.0,0.0,0.0,0.0,,,,,,0.0,0.0,0.0,0.0,0,0.0,1,,,,,1,0,0,-1,0,0,0,0,0.0,0,0.0,0.0,0.0,0.0,0.0,0.0,1,1,5,,0.0,,,,,,,,0,0.0,0.0,0.0,0.0,0.0,0.0,0.0,-1,1,1,5,,0.0,,,,,,,,,,,,,0.0,0.0,0.0,0.0,0.0,0.0,0.0,0.0,0.0,0.0,0.0,0.0,1,1
6,k9r22wih,,0,0,32,,,,0,,,0.0,,,,,,,,w2jmoosi,,,,,1,bargaining_tdl,0.0,1.0,5,0,https://app.prolific.com/submissions/complete?cc=C1HQEIID,6,,0.0,,,,,,,,,,,,,,,,,,,0.0,0.0,0.0,0.0,0.0,0.0,1,1,6,,0.0,,0.0,,,,0.0,0.0,0.0,0.0,,,,,,0.0,0.0,0.0,0.0,0,0.0,1,,,,,1,0,0,-1,0,0,0,0,0.0,0,0.0,0.0,0.0,0.0,0.0,0.0,1,1,6,,0.0,,,,,,,,0,0.0,0.0,0.0,0.0,0.0,0.0,0.0,-1,1,1,6,,0.0,,,,,,,,,,,,,0.0,0.0,0.0,0.0,0.0,0.0,0.0,0.0,0.0,0.0,0.0,0.0,1,1
7,tsts9qvj,,0,18,32,bargaining_tdl_part3,InstructionsPart3,2026-05-13 22:00:59.887140,1,,,0.0,,,,,,0,1,w2jmoosi,,,,,1,bargaining_tdl,0.0,1.0,5,0,https://app.prolific.com/submissions/complete?cc=C1HQEIID,7,,0.0,,,,,,,,,,6,0,6,4,4,4,0,0,0,1.79,3.58,20.06,0.0,0.0,20.06,1,1,1,,0.0,Red,4.0,split_you,split_you,right,1.79,18.22,6.58,24.799999999999997,Both,split_you,split_both,qdlli1g4,eenfdkw3,0.0,7.45,369.35,369.35,0,0.0,1,,,,,2,1,1,0,1,1,1,0,0.0,0,1778709758.7122731,1778709756.928731,1778709746.3242679,0.0,1778709785.2791045,1778709774.7060974,1,1,7,,0.0,,,,,,,,0,0.0,0.0,0.0,0.0,0.0,0.0,0.0,-1,1,1,7,,0.0,,,,,,,,,,,,,0.0,0.0,0.0,0.0,0.0,0.0,0.0,0.0,0.0,0.0,0.0,0.0,1,1
8,eenfdkw3,,0,18,32,bargaining_tdl_part3,InstructionsPart3,2026-05-13 22:00:57.234726,1,,,0.0,,,,,,0,1,w2jmoosi,,,,,1,bargaining_tdl,0.0,1.0,5,0,https://app.prolific.com/submissions/complete?cc=C1HQEIID,8,,0.0,,,,,,,,,,6,0,6,4,4,4,0,0,0,31.69,4.08,20.22,0.0,0.0,20.22,1,1,2,,0.0,Green,4.0,split_both,split_both,right,31.69,16.39,3.9,20.29,Both,split_you,split_you,tsts9qvj,qdlli1g4,0.0,11.75,250.56,250.56,1,1778709756.928731,1,,,,,2,1,1,0,1,1,1,0,0.0,0,1778709758.7122731,1778709756.928731,1778709746.3242679,0.0,1778709785.2791045,1778709774.7060974,1,1,8,,0.0,,,,,,,,0,0.0,0.0,0.0,0.0,0.0,0.0,0.0,-1,1,1,8,,0.0,,,,,,,,,,,,,0.0,0.0,0.0,0.0,0.0,0.0,0.0,0.0,0.0,0.0,0.0,0.0,1,1
9,qdlli1g4,,0,19,32,bargaining_tdl_part3,ThankYouPart3,2026-05-13 22:00:53.439950,1,,,0.0,,,,1,part3_decision_timeout,0,1,w2jmoosi,,,,,1,bargaining_tdl,0.0,1.0,5,0,https://app.prolific.com/submissions/complete?cc=C1HQEIID,9,,0.0,,,,,,,,,,6,0,6,4,4,4,0,0,0,62.47,3.31,18.9,0.0,0.0,18.9,1,1,3,,0.0,Blue,4.0,split_you,split_you,right,62.47,5.95,4.64,10.59,Right,split_both,split_you,eenfdkw3,tsts9qvj,0.0,17.78,5.19,5.19,1,1778709746.3242679,1,,,,,2,1,1,0,1,1,1,0,0.0,0,1778709758.7122731,1778709756.928731,1778709746.3242679,0.0,1778709785.2791045,1778709774.7060974,1,1,9,,0.0,share_one,,,,,,,0,344.97,0.0,0.0,0.0,344.97,0.0,344.97,-1,1,1,9,,0.0,,,,,,,,,,,,,0.0,0.0,0.0,0.0,0.0,0.0,0.0,0.0,0.0,0.0,0.0,0.0,1,1
1,ivo6uz5y,,0,32,32,bargaining_tdl_survey,FinalResults,2026-05-14 11:02:04.483879,1,,,0.0,,,,,,0,1,6uv5hto6,,,,,1,bargaining_tdl,0.0,1.0,5,0,https://app.prolific.com/submissions/complete?cc=C1HQEIID,1,,0.0,,,,,,,,,,6,0,6,4,4,4,0,0,0,105.96,59.41,176.21,0.0,0.0,176.21,1,1,1,,0.0,Red,0.0,split_both,split_both,left,105.96,46.34,158.64,204.98,Left,split_both,split_you,fxu88h89,xodgk74w,0.0,104.35,13.16,13.16,1,1778756956.3478572,1,,,,,2,0,0,0,1,1,1,0,0.0,0,1778756956.3478572,1778757022.7892299,1778757024.7555804,1778756985.3692946,1778757051.1339505,0.0,1,1,1,,0.0,share_both,,,,,,,0,94.45,0.0,0.0,0.0,94.45,100.25,100.25,-1,1,1,1,,0.0,0,18,econ,3,employee,8,8,10,9,9,9,1.8,9.59,14.33,25.59,35.29,33.94,2.58,2.06,10.51,91.2,4.3,9.59,0.0,1,1
2,xodgk74w,,0,32,32,bargaining_tdl_survey,FinalResults,2026-05-14 11:02:07.103983,1,,,0.0,,,,,,0,1,6uv5hto6,,,,,1,bargaining_tdl,0.0,1.0,5,0,https://app.prolific.com/submissions/complete?cc=C1HQEIID,2,,0.0,,,,,,,,,,6,0,6,4,4,4,0,0,0,103.74,94.49,136.53,0.0,0.0,136.53,1,1,2,,0.0,Green,0.0,split_you,split_you,right,103.74,110.85,128.75,239.6,Left,split_both,split_both,ivo6uz5y,fxu88h89,0.0,40.21,16.73,16.73,1,1778757022.4649115,1,,,,,2,0,0,0,1,1,1,0,0.0,0,1778756956.3478572,1778757022.7892299,1778757024.7555804,1778756985.3692946,1778757051.1339505,0.0,1,1,2,,0.0,share_one,,,,,,,0,83.81,0.0,0.0,0.0,83.81,6.31,6.31,-1,1,1,2,,0.0,0,77,econ,3,not_in_labour_force,9,9,9,9,9,9,1.6,65.72,48.32,19.4,6.73,32.76,11.85,4.46,4.39,4.63,4.87,65.72,0.0,1,1
3,fxu88h89,,0,31,32,bargaining_tdl_survey,SurveyTerminated,2026-05-14 11:02:08.846518,1,,,0.0,,,,1,survey_page10_timeout,0,1,6uv5hto6,,,,,1,bargaining_tdl,0.0,1.0,5,0,https://app.prolific.com/submissions/complete?cc=C1HQEIID,3,,0.0,,,,,,,,,,6,0,6,4,4,4,0,0,0,54.71,54.26,119.88,0.0,0.0,119.88,1,1,3,,0.0,Blue,0.0,split_both,split_both,right,54.71,114.38,86.13,200.51,Left,split_you,split_both,xodgk74w,ivo6uz5y,0.0,13.11,18.57,18.57,1,1778757003.7536147,1,,,,,2,0,0,0,1,1,1,0,0.0,0,1778756956.3478572,1778757022.7892299,1778757024.7555804,1778756985.3692946,1778757051.1339505,0.0,1,1,3,,0.0,share_both,,,,,,,0,67.12,0.0,0.0,0.0,67.12,79.7,79.7,-1,1,1,3,,0.0,2,22,econm,4,self_employed,10,8,9,8,8,9,1.1,178.24,61.46,18.35,1.56,2.27,18.25,9.6,4.42,79.79,4.49,178.24,0.0,1,1
4,5mua6mtc,,0,0,32,,,,0,,,0.0,,,,,,,,6uv5hto6,,,,,1,bargaining_tdl,0.0,1.0,5,0,https://app.prolific.com/submissions/complete?cc=C1HQEIID,4,,0.0,,,,,,,,,,,,,,,,,,,0.0,0.0,0.0,0.0,0.0,0.0,1,1,4,,0.0,,0.0,,,,0.0,0.0,0.0,0.0,,,,,,0.0,0.0,0.0,0.0,0,0.0,1,,,,,1,0,0,-1,0,0,0,0,0.0,0,0.0,0.0,0.0,0.0,0.0,0.0,1,1,4,,0.0,,,,,,,,0,0.0,0.0,0.0,0.0,0.0,0.0,0.0,-1,1,1,4,,0.0,,,,,,,,,,,,,0.0,0.0,0.0,0.0,0.0,0.0,0.0,0.0,0.0,0.0,0.0,0.0,1,1
5,ixa5f13a,,0,0,32,,,,0,,,0.0,,,,,,,,6uv5hto6,,,,,1,bargaining_tdl,0.0,1.0,5,0,https://app.prolific.com/submissions/complete?cc=C1HQEIID,5,,0.0,,,,,,,,,,,,,,,,,,,0.0,0.0,0.0,0.0,0.0,0.0,1,1,5,,0.0,,0.0,,,,0.0,0.0,0.0,0.0,,,,,,0.0,0.0,0.0,0.0,0,0.0,1,,,,,1,0,0,-1,0,0,0,0,0.0,0,0.0,0.0,0.0,0.0,0.0,0.0,1,1,5,,0.0,,,,,,,,0,0.0,0.0,0.0,0.0,0.0,0.0,0.0,-1,1,1,5,,0.0,,,,,,,,,,,,,0.0,0.0,0.0,0.0,0.0,0.0,0.0,0.0,0.0,0.0,0.0,0.0,1,1
6,x7zsfia3,,0,0,32,,,,0,,,0.0,,,,,,,,6uv5hto6,,,,,1,bargaining_tdl,0.0,1.0,5,0,https://app.prolific.com/submissions/complete?cc=C1HQEIID,6,,0.0,,,,,,,,,,,,,,,,,,,0.0,0.0,0.0,0.0,0.0,0.0,1,1,6,,0.0,,0.0,,,,0.0,0.0,0.0,0.0,,,,,,0.0,0.0,0.0,0.0,0,0.0,1,,,,,1,0,0,-1,0,0,0,0,0.0,0,0.0,0.0,0.0,0.0,0.0,0.0,1,1,6,,0.0,,,,,,,,0,0.0,0.0,0.0,0.0,0.0,0.0,0.0,-1,1,1,6,,0.0,,,,,,,,,,,,,0.0,0.0,0.0,0.0,0.0,0.0,0.0,0.0,0.0,0.0,0.0,0.0,1,1
7,l01e7zkw,,0,0,32,,,,0,,,0.0,,,,,,,,6uv5hto6,,,,,1,bargaining_tdl,0.0,1.0,5,0,https://app.prolific.com/submissions/complete?cc=C1HQEIID,7,,0.0,,,,,,,,,,,,,,,,,,,0.0,0.0,0.0,0.0,0.0,0.0,1,1,7,,0.0,,0.0,,,,0.0,0.0,0.0,0.0,,,,,,0.0,0.0,0.0,0.0,0,0.0,1,,,,,1,0,0,-1,0,0,0,0,0.0,0,0.0,0.0,0.0,0.0,0.0,0.0,1,1,7,,0.0,,,,,,,,0,0.0,0.0,0.0,0.0,0.0,0.0,0.0,-1,1,1,7,,0.0,,,,,,,,,,,,,0.0,0.0,0.0,0.0,0.0,0.0,0.0,0.0,0.0,0.0,0.0,0.0,1,1
8,gjtraim7,,0,0,32,,,,0,,,0.0,,,,,,,,6uv5hto6,,,,,1,bargaining_tdl,0.0,1.0,5,0,https://app.prolific.com/submissions/complete?cc=C1HQEIID,8,,0.0,,,,,,,,,,,,,,,,,,,0.0,0.0,0.0,0.0,0.0,0.0,1,1,8,,0.0,,0.0,,,,0.0,0.0,0.0,0.0,,,,,,0.0,0.0,0.0,0.0,0,0.0,1,,,,,1,0,0,-1,0,0,0,0,0.0,0,0.0,0.0,0.0,0.0,0.0,0.0,1,1,8,,0.0,,,,,,,,0,0.0,0.0,0.0,0.0,0.0,0.0,0.0,-1,1,1,8,,0.0,,,,,,,,,,,,,0.0,0.0,0.0,0.0,0.0,0.0,0.0,0.0,0.0,0.0,0.0,0.0,1,1
9,o4oc3lyg,,0,0,32,,,,0,,,0.0,,,,,,,,6uv5hto6,,,,,1,bargaining_tdl,0.0,1.0,5,0,https://app.prolific.com/submissions/complete?cc=C1HQEIID,9,,0.0,,,,,,,,,,,,,,,,,,,0.0,0.0,0.0,0.0,0.0,0.0,1,1,9,,0.0,,0.0,,,,0.0,0.0,0.0,0.0,,,,,,0.0,0.0,0.0,0.0,0,0.0,1,,,,,1,0,0,-1,0,0,0,0,0.0,0,0.0,0.0,0.0,0.0,0.0,0.0,1,1,9,,0.0,,,,,,,,0,0.0,0.0,0.0,0.0,0.0,0.0,0.0,-1,1,1,9,,0.0,,,,,,,,,,,,,0.0,0.0,0.0,0.0,0.0,0.0,0.0,0.0,0.0,0.0,0.0,0.0,1,1
1,frsokvko,,0,32,32,bargaining_tdl_survey,FinalResults,2026-05-14 14:20:44.484770,1,,,0.0,,,,,,0,1,ydcii5mf,,,,,1,bargaining_tdl,0.0,1.0,5,0,https://app.prolific.com/submissions/complete?cc=C1HQEIID,1,,0.0,,,,,,,,,,6,0,6,4,4,4,0,0,0,307.08,18.5,163.06,0.0,0.0,163.06,1,1,1,,0.0,Red,4.0,split_you,split_you,right,307.08,597.14,8.57,605.71,Both,split_you,split_both,nhtas8ou,vjee2hk6,0.0,129.3,9.49,9.49,1,1778769655.2992744,1,0,0,99,0,2,1,1,0,1,1,1,0,0.0,0,1778769655.2992744,1778769305.2698197,1778769655.4147604,0.0,1778769333.694884,0.0,1,1,1,,0.0,share_one,,,,,,,0,340.89,0.0,0.0,0.0,340.89,14.36,14.36,-1,1,1,1,,0.0,0,34,econ,20,employee,10,9,10,9,9,10,1.7,29.43,1.86,82.22,4.71,1.52,3.87,1.36,1.44,12.05,2.0,29.43,0.0,1,1
2,fd5y3l3u,,0,8,32,bargaining_tdl_intro,Goodbye,2026-05-14 14:20:48.010610,1,,,0.0,,,,1,intro_control_questions_attempt_1_timeout,,,ydcii5mf,,,,,1,bargaining_tdl,0.0,1.0,5,0,https://app.prolific.com/submissions/complete?cc=C1HQEIID,2,,0.0,,,,,,,,,,6,0,6,4,4,4,0,0,0,35.13,6.88,300.14,0.0,0.0,300.14,1,1,2,,0.0,,0.0,,,,0.0,0.0,0.0,0.0,,,,,,0.0,0.0,0.0,0.0,0,0.0,1,0,0,0,0,1,0,0,-1,0,0,0,0,0.0,0,0.0,0.0,0.0,0.0,0.0,0.0,1,1,2,,0.0,,,,,,,,0,0.0,0.0,0.0,0.0,0.0,0.0,0.0,-1,1,1,2,,0.0,,,,,,,,,,,,,0.0,0.0,0.0,0.0,0.0,0.0,0.0,0.0,0.0,0.0,0.0,0.0,1,1
3,h45i0piy,,0,8,32,bargaining_tdl_intro,Goodbye,2026-05-14 14:20:52.397569,1,,,0.0,,,,1,intro_control_questions_attempt_1_timeout,,,ydcii5mf,,,,,1,bargaining_tdl,0.0,1.0,5,0,https://app.prolific.com/submissions/complete?cc=C1HQEIID,3,,0.0,,,,,,,,,,6,0,6,4,4,4,0,0,0,1.99,3.48,291.37,0.0,0.0,291.37,1,1,3,,0.0,,0.0,,,,0.0,0.0,0.0,0.0,,,,,,0.0,0.0,0.0,0.0,0,0.0,1,0,0,0,0,1,0,0,-1,0,0,0,0,0.0,0,0.0,0.0,0.0,0.0,0.0,0.0,1,1,3,,0.0,,,,,,,,0,0.0,0.0,0.0,0.0,0.0,0.0,0.0,-1,1,1,3,,0.0,,,,,,,,,,,,,0.0,0.0,0.0,0.0,0.0,0.0,0.0,0.0,0.0,0.0,0.0,0.0,1,1
4,vjee2hk6,,0,32,32,bargaining_tdl_survey,FinalResults,2026-05-14 14:29:29.172144,1,,,0.0,,,,,,0,1,ydcii5mf,,,,,1,bargaining_tdl,0.0,1.0,5,0,https://app.prolific.com/submissions/complete?cc=C1HQEIID,4,,0.0,,,,,,,,,,6,0,6,4,4,4,0,0,0,1.73,25.92,20.67,0.0,0.0,20.67,1,1,2,,0.0,Green,4.0,split_both,split_both,left,1.73,246.84,6.62,253.46,Both,split_you,split_you,frsokvko,nhtas8ou,0.0,117.57,12.96,12.96,1,1778769305.2374456,1,0,0,0,99,2,1,1,0,1,1,1,0,0.0,0,1778769655.2992744,1778769305.2698197,1778769655.4147604,0.0,1778769333.694884,0.0,1,1,4,,0.0,share_both,,,,,,,0,387.62,0.0,0.0,0.0,387.62,5.55,5.55,-1,1,1,4,,0.0,0,18,econ,2,employee,10,9,9,10,9,10,1.8,43.32,8.04,74.15,1.26,9.24,24.06,14.11,1.36,1.18,1.23,43.32,0.0,1,1
5,nhtas8ou,,0,17,32,bargaining_tdl_main,Results,2026-05-14 14:30:24.983666,1,,,0.0,,,,,,0,1,ydcii5mf,,,,,1,bargaining_tdl,0.0,1.0,5,0,https://app.prolific.com/submissions/complete?cc=C1HQEIID,5,,0.0,,,,,,,,,,6,0,6,4,4,4,0,0,0,1.81,4.1,23.07,0.0,0.0,23.07,1,1,3,,0.0,Blue,4.0,split_you,split_you,,1.81,600.02,180.01,780.03,Right,split_both,split_you,vjee2hk6,frsokvko,0.0,300.01,0.0,300.01,1,1778769655.2189643,1,99,99,0,0,2,1,1,0,1,1,1,0,0.0,0,1778769655.2992744,1778769305.2698197,1778769655.4147604,0.0,1778769333.694884,0.0,1,1,5,,0.0,,,,,,,,0,0.0,0.0,0.0,0.0,0.0,0.0,0.0,-1,1,1,5,,0.0,,,,,,,,,,,,,0.0,0.0,0.0,0.0,0.0,0.0,0.0,0.0,0.0,0.0,0.0,0.0,1,1
6,kyh4niz8,,0,0,32,,,,0,,,0.0,,,,,,,,ydcii5mf,,,,,1,bargaining_tdl,0.0,1.0,5,0,https://app.prolific.com/submissions/complete?cc=C1HQEIID,6,,0.0,,,,,,,,,,,,,,,,,,,0.0,0.0,0.0,0.0,0.0,0.0,1,1,6,,0.0,,0.0,,,,0.0,0.0,0.0,0.0,,,,,,0.0,0.0,0.0,0.0,0,0.0,1,0,0,0,0,1,0,0,-1,0,0,0,0,0.0,0,0.0,0.0,0.0,0.0,0.0,0.0,1,1,6,,0.0,,,,,,,,0,0.0,0.0,0.0,0.0,0.0,0.0,0.0,-1,1,1,6,,0.0,,,,,,,,,,,,,0.0,0.0,0.0,0.0,0.0,0.0,0.0,0.0,0.0,0.0,0.0,0.0,1,1
7,5011988x,,0,0,32,,,,0,,,0.0,,,,,,,,ydcii5mf,,,,,1,bargaining_tdl,0.0,1.0,5,0,https://app.prolific.com/submissions/complete?cc=C1HQEIID,7,,0.0,,,,,,,,,,,,,,,,,,,0.0,0.0,0.0,0.0,0.0,0.0,1,1,7,,0.0,,0.0,,,,0.0,0.0,0.0,0.0,,,,,,0.0,0.0,0.0,0.0,0,0.0,1,0,0,0,0,1,0,0,-1,0,0,0,0,0.0,0,0.0,0.0,0.0,0.0,0.0,0.0,1,1,7,,0.0,,,,,,,,0,0.0,0.0,0.0,0.0,0.0,0.0,0.0,-1,1,1,7,,0.0,,,,,,,,,,,,,0.0,0.0,0.0,0.0,0.0,0.0,0.0,0.0,0.0,0.0,0.0,0.0,1,1
8,9d2i1y2p,,0,0,32,,,,0,,,0.0,,,,,,,,ydcii5mf,,,,,1,bargaining_tdl,0.0,1.0,5,0,https://app.prolific.com/submissions/complete?cc=C1HQEIID,8,,0.0,,,,,,,,,,,,,,,,,,,0.0,0.0,0.0,0.0,0.0,0.0,1,1,8,,0.0,,0.0,,,,0.0,0.0,0.0,0.0,,,,,,0.0,0.0,0.0,0.0,0,0.0,1,0,0,0,0,1,0,0,-1,0,0,0,0,0.0,0,0.0,0.0,0.0,0.0,0.0,0.0,1,1,8,,0.0,,,,,,,,0,0.0,0.0,0.0,0.0,0.0,0.0,0.0,-1,1,1,8,,0.0,,,,,,,,,,,,,0.0,0.0,0.0,0.0,0.0,0.0,0.0,0.0,0.0,0.0,0.0,0.0,1,1
9,nzjb2i4f,,0,0,32,,,,0,,,0.0,,,,,,,,ydcii5mf,,,,,1,bargaining_tdl,0.0,1.0,5,0,https://app.prolific.com/submissions/complete?cc=C1HQEIID,9,,0.0,,,,,,,,,,,,,,,,,,,0.0,0.0,0.0,0.0,0.0,0.0,1,1,9,,0.0,,0.0,,,,0.0,0.0,0.0,0.0,,,,,,0.0,0.0,0.0,0.0,0,0.0,1,0,0,0,0,1,0,0,-1,0,0,0,0,0.0,0,0.0,0.0,0.0,0.0,0.0,0.0,1,1,9,,0.0,,,,,,,,0,0.0,0.0,0.0,0.0,0.0,0.0,0.0,-1,1,1,9,,0.0,,,,,,,,,,,,,0.0,0.0,0.0,0.0,0.0,0.0,0.0,0.0,0.0,0.0,0.0,0.0,1,1
1,6795tgci,,0,0,32,,,,0,,,0.0,,,,,,,,kxc20zpv,,,,,1,bargaining_tdl,0.0,1.0,5,0,https://app.prolific.com/submissions/complete?cc=C1HQEIID,1,,0.0,,,,,,,,,,,,,,,,,,,0.0,0.0,0.0,0.0,0.0,0.0,1,1,1,,0.0,,0.0,,,,0.0,0.0,0.0,0.0,,,,,,0.0,0.0,0.0,0.0,0,0.0,1,0,0,0,0,1,0,0,-1,0,0,0,0,0.0,0,0.0,0.0,0.0,0.0,0.0,0.0,1,1,1,,0.0,,,,,,,,0,0.0,0.0,0.0,0.0,0.0,0.0,0.0,-1,1,1,1,,0.0,,,,,,,,,,,,,0.0,0.0,0.0,0.0,0.0,0.0,0.0,0.0,0.0,0.0,0.0,0.0,1,1
2,r181w882,,0,0,32,,,,0,,,0.0,,,,,,,,kxc20zpv,,,,,1,bargaining_tdl,0.0,1.0,5,0,https://app.prolific.com/submissions/complete?cc=C1HQEIID,2,,0.0,,,,,,,,,,,,,,,,,,,0.0,0.0,0.0,0.0,0.0,0.0,1,1,2,,0.0,,0.0,,,,0.0,0.0,0.0,0.0,,,,,,0.0,0.0,0.0,0.0,0,0.0,1,0,0,0,0,1,0,0,-1,0,0,0,0,0.0,0,0.0,0.0,0.0,0.0,0.0,0.0,1,1,2,,0.0,,,,,,,,0,0.0,0.0,0.0,0.0,0.0,0.0,0.0,-1,1,1,2,,0.0,,,,,,,,,,,,,0.0,0.0,0.0,0.0,0.0,0.0,0.0,0.0,0.0,0.0,0.0,0.0,1,1
3,4mxq6dp4,,0,0,32,,,,0,,,0.0,,,,,,,,kxc20zpv,,,,,1,bargaining_tdl,0.0,1.0,5,0,https://app.prolific.com/submissions/complete?cc=C1HQEIID,3,,0.0,,,,,,,,,,,,,,,,,,,0.0,0.0,0.0,0.0,0.0,0.0,1,1,3,,0.0,,0.0,,,,0.0,0.0,0.0,0.0,,,,,,0.0,0.0,0.0,0.0,0,0.0,1,0,0,0,0,1,0,0,-1,0,0,0,0,0.0,0,0.0,0.0,0.0,0.0,0.0,0.0,1,1,3,,0.0,,,,,,,,0,0.0,0.0,0.0,0.0,0.0,0.0,0.0,-1,1,1,3,,0.0,,,,,,,,,,,,,0.0,0.0,0.0,0.0,0.0,0.0,0.0,0.0,0.0,0.0,0.0,0.0,1,1
4,u6o544rp,,0,0,32,,,,0,,,0.0,,,,,,,,kxc20zpv,,,,,1,bargaining_tdl,0.0,1.0,5,0,https://app.prolific.com/submissions/complete?cc=C1HQEIID,4,,0.0,,,,,,,,,,,,,,,,,,,0.0,0.0,0.0,0.0,0.0,0.0,1,1,4,,0.0,,0.0,,,,0.0,0.0,0.0,0.0,,,,,,0.0,0.0,0.0,0.0,0,0.0,1,0,0,0,0,1,0,0,-1,0,0,0,0,0.0,0,0.0,0.0,0.0,0.0,0.0,0.0,1,1,4,,0.0,,,,,,,,0,0.0,0.0,0.0,0.0,0.0,0.0,0.0,-1,1,1,4,,0.0,,,,,,,,,,,,,0.0,0.0,0.0,0.0,0.0,0.0,0.0,0.0,0.0,0.0,0.0,0.0,1,1
5,e6q04xs7,,0,0,32,,,,0,,,0.0,,,,,,,,kxc20zpv,,,,,1,bargaining_tdl,0.0,1.0,5,0,https://app.prolific.com/submissions/complete?cc=C1HQEIID,5,,0.0,,,,,,,,,,,,,,,,,,,0.0,0.0,0.0,0.0,0.0,0.0,1,1,5,,0.0,,0.0,,,,0.0,0.0,0.0,0.0,,,,,,0.0,0.0,0.0,0.0,0,0.0,1,0,0,0,0,1,0,0,-1,0,0,0,0,0.0,0,0.0,0.0,0.0,0.0,0.0,0.0,1,1,5,,0.0,,,,,,,,0,0.0,0.0,0.0,0.0,0.0,0.0,0.0,-1,1,1,5,,0.0,,,,,,,,,,,,,0.0,0.0,0.0,0.0,0.0,0.0,0.0,0.0,0.0,0.0,0.0,0.0,1,1
6,7am1k0qc,,0,0,32,,,,0,,,0.0,,,,,,,,kxc20zpv,,,,,1,bargaining_tdl,0.0,1.0,5,0,https://app.prolific.com/submissions/complete?cc=C1HQEIID,6,,0.0,,,,,,,,,,,,,,,,,,,0.0,0.0,0.0,0.0,0.0,0.0,1,1,6,,0.0,,0.0,,,,0.0,0.0,0.0,0.0,,,,,,0.0,0.0,0.0,0.0,0,0.0,1,0,0,0,0,1,0,0,-1,0,0,0,0,0.0,0,0.0,0.0,0.0,0.0,0.0,0.0,1,1,6,,0.0,,,,,,,,0,0.0,0.0,0.0,0.0,0.0,0.0,0.0,-1,1,1,6,,0.0,,,,,,,,,,,,,0.0,0.0,0.0,0.0,0.0,0.0,0.0,0.0,0.0,0.0,0.0,0.0,1,1
7,a6bebu54,,0,0,32,,,,0,,,0.0,,,,,,,,kxc20zpv,,,,,1,bargaining_tdl,0.0,1.0,5,0,https://app.prolific.com/submissions/complete?cc=C1HQEIID,7,,0.0,,,,,,,,,,,,,,,,,,,0.0,0.0,0.0,0.0,0.0,0.0,1,1,7,,0.0,,0.0,,,,0.0,0.0,0.0,0.0,,,,,,0.0,0.0,0.0,0.0,0,0.0,1,0,0,0,0,1,0,0,-1,0,0,0,0,0.0,0,0.0,0.0,0.0,0.0,0.0,0.0,1,1,7,,0.0,,,,,,,,0,0.0,0.0,0.0,0.0,0.0,0.0,0.0,-1,1,1,7,,0.0,,,,,,,,,,,,,0.0,0.0,0.0,0.0,0.0,0.0,0.0,0.0,0.0,0.0,0.0,0.0,1,1
8,qxvytieq,,0,0,32,,,,0,,,0.0,,,,,,,,kxc20zpv,,,,,1,bargaining_tdl,0.0,1.0,5,0,https://app.prolific.com/submissions/complete?cc=C1HQEIID,8,,0.0,,,,,,,,,,,,,,,,,,,0.0,0.0,0.0,0.0,0.0,0.0,1,1,8,,0.0,,0.0,,,,0.0,0.0,0.0,0.0,,,,,,0.0,0.0,0.0,0.0,0,0.0,1,0,0,0,0,1,0,0,-1,0,0,0,0,0.0,0,0.0,0.0,0.0,0.0,0.0,0.0,1,1,8,,0.0,,,,,,,,0,0.0,0.0,0.0,0.0,0.0,0.0,0.0,-1,1,1,8,,0.0,,,,,,,,,,,,,0.0,0.0,0.0,0.0,0.0,0.0,0.0,0.0,0.0,0.0,0.0,0.0,1,1
9,wr8icwdb,,0,0,32,,,,0,,,0.0,,,,,,,,kxc20zpv,,,,,1,bargaining_tdl,0.0,1.0,5,0,https://app.prolific.com/submissions/complete?cc=C1HQEIID,9,,0.0,,,,,,,,,,,,,,,,,,,0.0,0.0,0.0,0.0,0.0,0.0,1,1,9,,0.0,,0.0,,,,0.0,0.0,0.0,0.0,,,,,,0.0,0.0,0.0,0.0,0,0.0,1,0,0,0,0,1,0,0,-1,0,0,0,0,0.0,0,0.0,0.0,0.0,0.0,0.0,0.0,1,1,9,,0.0,,,,,,,,0,0.0,0.0,0.0,0.0,0.0,0.0,0.0,-1,1,1,9,,0.0,,,,,,,,,,,,,0.0,0.0,0.0,0.0,0.0,0.0,0.0,0.0,0.0,0.0,0.0,0.0,1,1
1,y10437vw,,0,0,32,,,,0,,,0.0,,,,,,,,kx2qqz8s,,,,,1,bargaining_tdl,0.0,1.0,5,0,https://app.prolific.com/submissions/complete?cc=C1HQEIID,1,,0.0,,,,,,,,,,,,,,,,,,,0.0,0.0,0.0,0.0,0.0,0.0,1,1,1,,0.0,,0.0,,,,0.0,0.0,0.0,0.0,,,,,,0.0,0.0,0.0,0.0,0,0.0,1,0,0,0,0,1,0,0,-1,0,0,0,0,0.0,0,0.0,0.0,0.0,0.0,0.0,0.0,1,1,1,,0.0,,,,,,,,0,0.0,0.0,0.0,0.0,0.0,0.0,0.0,-1,1,1,1,,0.0,,,,,,,,,,,,,0.0,0.0,0.0,0.0,0.0,0.0,0.0,0.0,0.0,0.0,0.0,0.0,1,1
2,y9f8491l,,0,0,32,,,,0,,,0.0,,,,,,,,kx2qqz8s,,,,,1,bargaining_tdl,0.0,1.0,5,0,https://app.prolific.com/submissions/complete?cc=C1HQEIID,2,,0.0,,,,,,,,,,,,,,,,,,,0.0,0.0,0.0,0.0,0.0,0.0,1,1,2,,0.0,,0.0,,,,0.0,0.0,0.0,0.0,,,,,,0.0,0.0,0.0,0.0,0,0.0,1,0,0,0,0,1,0,0,-1,0,0,0,0,0.0,0,0.0,0.0,0.0,0.0,0.0,0.0,1,1,2,,0.0,,,,,,,,0,0.0,0.0,0.0,0.0,0.0,0.0,0.0,-1,1,1,2,,0.0,,,,,,,,,,,,,0.0,0.0,0.0,0.0,0.0,0.0,0.0,0.0,0.0,0.0,0.0,0.0,1,1
3,scfsrm2b,,0,0,32,,,,0,,,0.0,,,,,,,,kx2qqz8s,,,,,1,bargaining_tdl,0.0,1.0,5,0,https://app.prolific.com/submissions/complete?cc=C1HQEIID,3,,0.0,,,,,,,,,,,,,,,,,,,0.0,0.0,0.0,0.0,0.0,0.0,1,1,3,,0.0,,0.0,,,,0.0,0.0,0.0,0.0,,,,,,0.0,0.0,0.0,0.0,0,0.0,1,0,0,0,0,1,0,0,-1,0,0,0,0,0.0,0,0.0,0.0,0.0,0.0,0.0,0.0,1,1,3,,0.0,,,,,,,,0,0.0,0.0,0.0,0.0,0.0,0.0,0.0,-1,1,1,3,,0.0,,,,,,,,,,,,,0.0,0.0,0.0,0.0,0.0,0.0,0.0,0.0,0.0,0.0,0.0,0.0,1,1
4,dg9byyak,,0,0,32,,,,0,,,0.0,,,,,,,,kx2qqz8s,,,,,1,bargaining_tdl,0.0,1.0,5,0,https://app.prolific.com/submissions/complete?cc=C1HQEIID,4,,0.0,,,,,,,,,,,,,,,,,,,0.0,0.0,0.0,0.0,0.0,0.0,1,1,4,,0.0,,0.0,,,,0.0,0.0,0.0,0.0,,,,,,0.0,0.0,0.0,0.0,0,0.0,1,0,0,0,0,1,0,0,-1,0,0,0,0,0.0,0,0.0,0.0,0.0,0.0,0.0,0.0,1,1,4,,0.0,,,,,,,,0,0.0,0.0,0.0,0.0,0.0,0.0,0.0,-1,1,1,4,,0.0,,,,,,,,,,,,,0.0,0.0,0.0,0.0,0.0,0.0,0.0,0.0,0.0,0.0,0.0,0.0,1,1
5,ant18ye7,,0,0,32,,,,0,,,0.0,,,,,,,,kx2qqz8s,,,,,1,bargaining_tdl,0.0,1.0,5,0,https://app.prolific.com/submissions/complete?cc=C1HQEIID,5,,0.0,,,,,,,,,,,,,,,,,,,0.0,0.0,0.0,0.0,0.0,0.0,1,1,5,,0.0,,0.0,,,,0.0,0.0,0.0,0.0,,,,,,0.0,0.0,0.0,0.0,0,0.0,1,0,0,0,0,1,0,0,-1,0,0,0,0,0.0,0,0.0,0.0,0.0,0.0,0.0,0.0,1,1,5,,0.0,,,,,,,,0,0.0,0.0,0.0,0.0,0.0,0.0,0.0,-1,1,1,5,,0.0,,,,,,,,,,,,,0.0,0.0,0.0,0.0,0.0,0.0,0.0,0.0,0.0,0.0,0.0,0.0,1,1
6,8499kjs6,,0,0,32,,,,0,,,0.0,,,,,,,,kx2qqz8s,,,,,1,bargaining_tdl,0.0,1.0,5,0,https://app.prolific.com/submissions/complete?cc=C1HQEIID,6,,0.0,,,,,,,,,,,,,,,,,,,0.0,0.0,0.0,0.0,0.0,0.0,1,1,6,,0.0,,0.0,,,,0.0,0.0,0.0,0.0,,,,,,0.0,0.0,0.0,0.0,0,0.0,1,0,0,0,0,1,0,0,-1,0,0,0,0,0.0,0,0.0,0.0,0.0,0.0,0.0,0.0,1,1,6,,0.0,,,,,,,,0,0.0,0.0,0.0,0.0,0.0,0.0,0.0,-1,1,1,6,,0.0,,,,,,,,,,,,,0.0,0.0,0.0,0.0,0.0,0.0,0.0,0.0,0.0,0.0,0.0,0.0,1,1
7,y4262gwt,,0,0,32,,,,0,,,0.0,,,,,,,,kx2qqz8s,,,,,1,bargaining_tdl,0.0,1.0,5,0,https://app.prolific.com/submissions/complete?cc=C1HQEIID,7,,0.0,,,,,,,,,,,,,,,,,,,0.0,0.0,0.0,0.0,0.0,0.0,1,1,7,,0.0,,0.0,,,,0.0,0.0,0.0,0.0,,,,,,0.0,0.0,0.0,0.0,0,0.0,1,0,0,0,0,1,0,0,-1,0,0,0,0,0.0,0,0.0,0.0,0.0,0.0,0.0,0.0,1,1,7,,0.0,,,,,,,,0,0.0,0.0,0.0,0.0,0.0,0.0,0.0,-1,1,1,7,,0.0,,,,,,,,,,,,,0.0,0.0,0.0,0.0,0.0,0.0,0.0,0.0,0.0,0.0,0.0,0.0,1,1
8,oz211ly3,,0,0,32,,,,0,,,0.0,,,,,,,,kx2qqz8s,,,,,1,bargaining_tdl,0.0,1.0,5,0,https://app.prolific.com/submissions/complete?cc=C1HQEIID,8,,0.0,,,,,,,,,,,,,,,,,,,0.0,0.0,0.0,0.0,0.0,0.0,1,1,8,,0.0,,0.0,,,,0.0,0.0,0.0,0.0,,,,,,0.0,0.0,0.0,0.0,0,0.0,1,0,0,0,0,1,0,0,-1,0,0,0,0,0.0,0,0.0,0.0,0.0,0.0,0.0,0.0,1,1,8,,0.0,,,,,,,,0,0.0,0.0,0.0,0.0,0.0,0.0,0.0,-1,1,1,8,,0.0,,,,,,,,,,,,,0.0,0.0,0.0,0.0,0.0,0.0,0.0,0.0,0.0,0.0,0.0,0.0,1,1
9,s0a3w7z3,,0,0,32,,,,0,,,0.0,,,,,,,,kx2qqz8s,,,,,1,bargaining_tdl,0.0,1.0,5,0,https://app.prolific.com/submissions/complete?cc=C1HQEIID,9,,0.0,,,,,,,,,,,,,,,,,,,0.0,0.0,0.0,0.0,0.0,0.0,1,1,9,,0.0,,0.0,,,,0.0,0.0,0.0,0.0,,,,,,0.0,0.0,0.0,0.0,0,0.0,1,0,0,0,0,1,0,0,-1,0,0,0,0,0.0,0,0.0,0.0,0.0,0.0,0.0,0.0,1,1,9,,0.0,,,,,,,,0,0.0,0.0,0.0,0.0,0.0,0.0,0.0,-1,1,1,9,,0.0,,,,,,,,,,,,,0.0,0.0,0.0,0.0,0.0,0.0,0.0,0.0,0.0,0.0,0.0,0.0,1,1
