playerid;participant_code;groupid;inactive;left_player;right_player;part1_signal_left;part1_signal_right;part1_finaldecision;Part3_finaldecision;survey_id_in_group;survey_role;survey_payoff;survey_gender;survey_age;survey_field_of_study;survey_university_years;survey_job_status;survey_willingness_future;survey_willingness_risk;survey_reciprocity_positive;survey_reciprocity_negative;survey_willingness_donate;survey_trust_general;survey_beauty_contest_guess;survey_time_on_page;survey_time_survey_intro;survey_time_survey_questions;survey_time_survey_scale_intro;survey_time_survey_page4;survey_time_survey_page5;survey_time_survey_page6;survey_time_survey_page7;survey_time_survey_page8;survey_time_survey_page9;survey_time_survey_page10;survey_time_final_results
1;opt0r6qy;2;;dx0ls2i4;p3wi5j2i;split_both;split_both;Left;share_both;1;;0.0;0;23;Tech;10;employer;6;7;8;7;7;8;2.0;3.89;0.97;10.06;0.83;1.8;0.94;1.22;0.87;1.16;2.38;3.89;0.0
2;p3wi5j2i;2;;opt0r6qy;dx0ls2i4;split_you;split_other;Right;share_one;2;;0.0;1;34;fedgfd;18;employee;7;8;9;7;8;9;1.4;4.33;2.69;9.07;1.27;3.27;2.01;1.04;1.16;1.28;1.28;4.33;0.0
3;dx0ls2i4;2;;p3wi5j2i;opt0r6qy;split_other;split_other;Both;share_both;3;;0.0;1;34;ferfge;1;employer;7;7;8;7;7;7;1.1;8.28;0.58;10.21;1.19;1.17;1.46;1.53;1.47;1.57;1.04;8.28;0.0
4;a8x78sfj;1;;;;;;;;4;;0.0;;;;;;;;;;;;;0.0;0.0;0.0;0.0;0.0;0.0;0.0;0.0;0.0;0.0;0.0;0.0
5;x5in9q99;1;;;;;;;;5;;0.0;;;;;;;;;;;;;0.0;0.0;0.0;0.0;0.0;0.0;0.0;0.0;0.0;0.0;0.0;0.0
6;282lzkhr;1;;;;;;;;6;;0.0;;;;;;;;;;;;;0.0;0.0;0.0;0.0;0.0;0.0;0.0;0.0;0.0;0.0;0.0;0.0
7;xnrj7ri1;1;;;;;;;;7;;0.0;;;;;;;;;;;;;0.0;0.0;0.0;0.0;0.0;0.0;0.0;0.0;0.0;0.0;0.0;0.0
8;3m6s75pb;1;;;;;;;;8;;0.0;;;;;;;;;;;;;0.0;0.0;0.0;0.0;0.0;0.0;0.0;0.0;0.0;0.0;0.0;0.0
9;05m7abc3;1;;;;;;;;9;;0.0;;;;;;;;;;;;;0.0;0.0;0.0;0.0;0.0;0.0;0.0;0.0;0.0;0.0;0.0;0.0
10;1sskmhno;1;;;;;;;;10;;0.0;;;;;;;;;;;;;0.0;0.0;0.0;0.0;0.0;0.0;0.0;0.0;0.0;0.0;0.0;0.0
11;l230tqst;1;;;;;;;;11;;0.0;;;;;;;;;;;;;0.0;0.0;0.0;0.0;0.0;0.0;0.0;0.0;0.0;0.0;0.0;0.0
12;g79ntp6i;1;;;;;;;;12;;0.0;;;;;;;;;;;;;0.0;0.0;0.0;0.0;0.0;0.0;0.0;0.0;0.0;0.0;0.0;0.0
13;skkusurt;1;;;;;;;;13;;0.0;;;;;;;;;;;;;0.0;0.0;0.0;0.0;0.0;0.0;0.0;0.0;0.0;0.0;0.0;0.0
14;ed8cj1uq;1;;;;;;;;14;;0.0;;;;;;;;;;;;;0.0;0.0;0.0;0.0;0.0;0.0;0.0;0.0;0.0;0.0;0.0;0.0
15;wx99t99z;1;;;;;;;;15;;0.0;;;;;;;;;;;;;0.0;0.0;0.0;0.0;0.0;0.0;0.0;0.0;0.0;0.0;0.0;0.0
16;5s01m5b6;1;;;;;;;;16;;0.0;;;;;;;;;;;;;0.0;0.0;0.0;0.0;0.0;0.0;0.0;0.0;0.0;0.0;0.0;0.0
17;0oc8cog0;1;;;;;;;;17;;0.0;;;;;;;;;;;;;0.0;0.0;0.0;0.0;0.0;0.0;0.0;0.0;0.0;0.0;0.0;0.0
18;6yal9yc0;1;;;;;;;;18;;0.0;;;;;;;;;;;;;0.0;0.0;0.0;0.0;0.0;0.0;0.0;0.0;0.0;0.0;0.0;0.0
19;w2p7bj1s;1;;;;;;;;19;;0.0;;;;;;;;;;;;;0.0;0.0;0.0;0.0;0.0;0.0;0.0;0.0;0.0;0.0;0.0;0.0
20;xp9p3lh5;1;;;;;;;;20;;0.0;;;;;;;;;;;;;0.0;0.0;0.0;0.0;0.0;0.0;0.0;0.0;0.0;0.0;0.0;0.0
21;pcya5czp;1;;;;;;;;21;;0.0;;;;;;;;;;;;;0.0;0.0;0.0;0.0;0.0;0.0;0.0;0.0;0.0;0.0;0.0;0.0
1;9sohi2eg;1;1;;;;;;;1;;0.0;;;;;;;;;;;;;0.0;0.0;0.0;0.0;0.0;0.0;0.0;0.0;0.0;0.0;0.0;0.0
2;kbzsf2k1;2;;2h0fz66r;qi1pt07x;split_other;split_you;Right;;2;;0.0;;;;;;;;;;;;;0.0;0.0;0.0;0.0;0.0;0.0;0.0;0.0;0.0;0.0;0.0;0.0
3;qi1pt07x;2;;kbzsf2k1;2h0fz66r;split_you;split_other;Left;share_both;3;;0.0;0;32;economics;18;employee;5;10;10;9;6;7;1.9;68.03;8.86;27.87;33.17;1.4;1.89;1.08;2.96;98.72;2.8;68.03;0.0
4;2h0fz66r;2;1;qi1pt07x;kbzsf2k1;split_you;split_other;Left;share_one;4;;0.0;0;45;economics;20;employee;5;6;5;7;6;6;1.1;137.06;33.99;18.32;2.12;1.54;2.11;1.9;15.44;3.4;5.58;137.06;0.0
5;5qh9cg1p;1;;;;;;;;5;;0.0;;;;;;;;;;;;;0.0;0.0;0.0;0.0;0.0;0.0;0.0;0.0;0.0;0.0;0.0;0.0
6;t1ulyd1w;1;;;;;;;;6;;0.0;;;;;;;;;;;;;0.0;0.0;0.0;0.0;0.0;0.0;0.0;0.0;0.0;0.0;0.0;0.0
7;daeaz4eg;1;;;;;;;;7;;0.0;;;;;;;;;;;;;0.0;0.0;0.0;0.0;0.0;0.0;0.0;0.0;0.0;0.0;0.0;0.0
8;kuujoj6d;1;;;;;;;;8;;0.0;;;;;;;;;;;;;0.0;0.0;0.0;0.0;0.0;0.0;0.0;0.0;0.0;0.0;0.0;0.0
9;5ntkq24t;1;;;;;;;;9;;0.0;;;;;;;;;;;;;0.0;0.0;0.0;0.0;0.0;0.0;0.0;0.0;0.0;0.0;0.0;0.0
10;mbc7ot6v;1;;;;;;;;10;;0.0;;;;;;;;;;;;;0.0;0.0;0.0;0.0;0.0;0.0;0.0;0.0;0.0;0.0;0.0;0.0
11;qe1citqn;1;;;;;;;;11;;0.0;;;;;;;;;;;;;0.0;0.0;0.0;0.0;0.0;0.0;0.0;0.0;0.0;0.0;0.0;0.0
12;wacezlku;1;;;;;;;;12;;0.0;;;;;;;;;;;;;0.0;0.0;0.0;0.0;0.0;0.0;0.0;0.0;0.0;0.0;0.0;0.0
13;gaf8naih;1;;;;;;;;13;;0.0;;;;;;;;;;;;;0.0;0.0;0.0;0.0;0.0;0.0;0.0;0.0;0.0;0.0;0.0;0.0
14;3fh11q6y;1;;;;;;;;14;;0.0;;;;;;;;;;;;;0.0;0.0;0.0;0.0;0.0;0.0;0.0;0.0;0.0;0.0;0.0;0.0
15;2wsnxlo0;1;;;;;;;;15;;0.0;;;;;;;;;;;;;0.0;0.0;0.0;0.0;0.0;0.0;0.0;0.0;0.0;0.0;0.0;0.0
16;qrfr11bn;1;;;;;;;;16;;0.0;;;;;;;;;;;;;0.0;0.0;0.0;0.0;0.0;0.0;0.0;0.0;0.0;0.0;0.0;0.0
17;uf1kjrqr;1;;;;;;;;17;;0.0;;;;;;;;;;;;;0.0;0.0;0.0;0.0;0.0;0.0;0.0;0.0;0.0;0.0;0.0;0.0
18;h2wufzqo;1;;;;;;;;18;;0.0;;;;;;;;;;;;;0.0;0.0;0.0;0.0;0.0;0.0;0.0;0.0;0.0;0.0;0.0;0.0
19;alqq2xhw;1;;;;;;;;19;;0.0;;;;;;;;;;;;;0.0;0.0;0.0;0.0;0.0;0.0;0.0;0.0;0.0;0.0;0.0;0.0
20;zn5qtfxy;1;;;;;;;;20;;0.0;;;;;;;;;;;;;0.0;0.0;0.0;0.0;0.0;0.0;0.0;0.0;0.0;0.0;0.0;0.0
21;l49r56go;1;;;;;;;;21;;0.0;;;;;;;;;;;;;0.0;0.0;0.0;0.0;0.0;0.0;0.0;0.0;0.0;0.0;0.0;0.0
22;wkgr97qg;1;;;;;;;;22;;0.0;;;;;;;;;;;;;0.0;0.0;0.0;0.0;0.0;0.0;0.0;0.0;0.0;0.0;0.0;0.0
23;abofwlxe;1;;;;;;;;23;;0.0;;;;;;;;;;;;;0.0;0.0;0.0;0.0;0.0;0.0;0.0;0.0;0.0;0.0;0.0;0.0
24;v2wn0q7o;1;;;;;;;;24;;0.0;;;;;;;;;;;;;0.0;0.0;0.0;0.0;0.0;0.0;0.0;0.0;0.0;0.0;0.0;0.0
25;bndvjav0;1;;;;;;;;25;;0.0;;;;;;;;;;;;;0.0;0.0;0.0;0.0;0.0;0.0;0.0;0.0;0.0;0.0;0.0;0.0
26;0zaz0aax;1;;;;;;;;26;;0.0;;;;;;;;;;;;;0.0;0.0;0.0;0.0;0.0;0.0;0.0;0.0;0.0;0.0;0.0;0.0
27;zxre973u;1;;;;;;;;27;;0.0;;;;;;;;;;;;;0.0;0.0;0.0;0.0;0.0;0.0;0.0;0.0;0.0;0.0;0.0;0.0
28;m43rxufz;1;;;;;;;;28;;0.0;;;;;;;;;;;;;0.0;0.0;0.0;0.0;0.0;0.0;0.0;0.0;0.0;0.0;0.0;0.0
29;zsfk9ipd;1;;;;;;;;29;;0.0;;;;;;;;;;;;;0.0;0.0;0.0;0.0;0.0;0.0;0.0;0.0;0.0;0.0;0.0;0.0
30;2piuntsa;1;;;;;;;;30;;0.0;;;;;;;;;;;;;0.0;0.0;0.0;0.0;0.0;0.0;0.0;0.0;0.0;0.0;0.0;0.0
31;bo5srhvb;1;;;;;;;;31;;0.0;;;;;;;;;;;;;0.0;0.0;0.0;0.0;0.0;0.0;0.0;0.0;0.0;0.0;0.0;0.0
32;xu8vzzbw;1;;;;;;;;32;;0.0;;;;;;;;;;;;;0.0;0.0;0.0;0.0;0.0;0.0;0.0;0.0;0.0;0.0;0.0;0.0
33;gctah84j;1;;;;;;;;33;;0.0;;;;;;;;;;;;;0.0;0.0;0.0;0.0;0.0;0.0;0.0;0.0;0.0;0.0;0.0;0.0
34;a3dq7axr;1;;;;;;;;34;;0.0;;;;;;;;;;;;;0.0;0.0;0.0;0.0;0.0;0.0;0.0;0.0;0.0;0.0;0.0;0.0
35;bk5oumcs;1;;;;;;;;35;;0.0;;;;;;;;;;;;;0.0;0.0;0.0;0.0;0.0;0.0;0.0;0.0;0.0;0.0;0.0;0.0
36;wy1tr4wg;1;;;;;;;;36;;0.0;;;;;;;;;;;;;0.0;0.0;0.0;0.0;0.0;0.0;0.0;0.0;0.0;0.0;0.0;0.0
37;xxanb1m9;1;;;;;;;;37;;0.0;;;;;;;;;;;;;0.0;0.0;0.0;0.0;0.0;0.0;0.0;0.0;0.0;0.0;0.0;0.0
38;klk81i63;1;;;;;;;;38;;0.0;;;;;;;;;;;;;0.0;0.0;0.0;0.0;0.0;0.0;0.0;0.0;0.0;0.0;0.0;0.0
39;4ff12zz6;1;;;;;;;;39;;0.0;;;;;;;;;;;;;0.0;0.0;0.0;0.0;0.0;0.0;0.0;0.0;0.0;0.0;0.0;0.0
40;jr4vv06u;1;;;;;;;;40;;0.0;;;;;;;;;;;;;0.0;0.0;0.0;0.0;0.0;0.0;0.0;0.0;0.0;0.0;0.0;0.0
41;d9vo9rxe;1;;;;;;;;41;;0.0;;;;;;;;;;;;;0.0;0.0;0.0;0.0;0.0;0.0;0.0;0.0;0.0;0.0;0.0;0.0
42;82kg1hag;1;;;;;;;;42;;0.0;;;;;;;;;;;;;0.0;0.0;0.0;0.0;0.0;0.0;0.0;0.0;0.0;0.0;0.0;0.0
43;w6vy631g;1;;;;;;;;43;;0.0;;;;;;;;;;;;;0.0;0.0;0.0;0.0;0.0;0.0;0.0;0.0;0.0;0.0;0.0;0.0
44;lckferig;1;;;;;;;;44;;0.0;;;;;;;;;;;;;0.0;0.0;0.0;0.0;0.0;0.0;0.0;0.0;0.0;0.0;0.0;0.0
45;wc5zg92e;1;;;;;;;;45;;0.0;;;;;;;;;;;;;0.0;0.0;0.0;0.0;0.0;0.0;0.0;0.0;0.0;0.0;0.0;0.0
1;5977liaz;3;1;05qfx0i7;n00ozz7b;split_you;split_you;Right;share_one;1;;0.0;0;18;N/A;1;employee;;;;;;;;0.0;0.0;0.0;0.0;0.0;0.0;0.0;0.0;0.0;0.0;0.0;0.0
2;k60eivfz;2;1;2j4yjh4s;iyaybccx;split_you;split_you;Both;share_both;2;;0.0;0;18;N/A;1;employee;;;;;;;;0.0;0.0;0.0;0.0;0.0;0.0;0.0;0.0;0.0;0.0;0.0;0.0
3;iyaybccx;2;1;k60eivfz;2j4yjh4s;split_you;split_you;Both;share_one;3;;0.0;0;18;N/A;1;employee;;;;;;;;0.0;0.0;0.0;0.0;0.0;0.0;0.0;0.0;0.0;0.0;0.0;0.0
4;1uqnqbvq;6;1;6bz5w1nt;s4mj3o69;split_you;split_you;Both;share_one;4;;0.0;0;18;N/A;1;employee;;;;;;;;0.0;0.0;0.0;0.0;0.0;0.0;0.0;0.0;0.0;0.0;0.0;0.0
5;2j4yjh4s;2;1;iyaybccx;k60eivfz;split_you;split_you;Left;share_both;5;;0.0;0;18;N/A;1;employee;;;;;;;;0.0;0.0;0.0;0.0;0.0;0.0;0.0;0.0;0.0;0.0;0.0;0.0
6;s4mj3o69;6;1;1uqnqbvq;6bz5w1nt;split_you;split_you;Both;share_one;6;;0.0;0;18;N/A;1;employee;;;;;;;;0.0;0.0;0.0;0.0;0.0;0.0;0.0;0.0;0.0;0.0;0.0;0.0
7;qckxzyr3;7;1;dmdvlb6t;6ojizmt1;split_you;split_you;Both;share_one;7;;0.0;0;18;N/A;1;employee;;;;;;;;0.0;0.0;0.0;0.0;0.0;0.0;0.0;0.0;0.0;0.0;0.0;0.0
8;beua6ch6;4;1;0tsp39eh;fmhvibbk;split_you;split_you;Left;share_both;8;;0.0;0;18;N/A;1;employee;;;;;;;;0.0;0.0;0.0;0.0;0.0;0.0;0.0;0.0;0.0;0.0;0.0;0.0
9;n00ozz7b;3;1;5977liaz;05qfx0i7;split_you;split_you;Both;share_one;9;;0.0;0;18;N/A;1;employee;;;;;;;;0.0;0.0;0.0;0.0;0.0;0.0;0.0;0.0;0.0;0.0;0.0;0.0
10;05qfx0i7;3;1;n00ozz7b;5977liaz;split_you;split_you;Both;share_one;10;;0.0;0;18;N/A;1;employee;;;;;;;;0.0;0.0;0.0;0.0;0.0;0.0;0.0;0.0;0.0;0.0;0.0;0.0
11;x1x4jm7i;5;1;roxmzk68;yt75dd3v;split_you;split_you;Left;share_both;11;;0.0;0;18;N/A;1;employee;;;;;;;;0.0;0.0;0.0;0.0;0.0;0.0;0.0;0.0;0.0;0.0;0.0;0.0
12;fmhvibbk;4;1;beua6ch6;0tsp39eh;split_you;split_you;Right;share_both;12;;0.0;0;18;N/A;1;employee;;;;;;;;0.0;0.0;0.0;0.0;0.0;0.0;0.0;0.0;0.0;0.0;0.0;0.0
13;6ojizmt1;7;1;qckxzyr3;dmdvlb6t;split_you;split_you;Both;share_one;13;;0.0;0;18;N/A;1;employee;;;;;;;;0.0;0.0;0.0;0.0;0.0;0.0;0.0;0.0;0.0;0.0;0.0;0.0
14;6bz5w1nt;6;1;s4mj3o69;1uqnqbvq;split_you;split_you;Left;share_one;14;;0.0;0;18;N/A;1;employee;;;;;;;;0.0;0.0;0.0;0.0;0.0;0.0;0.0;0.0;0.0;0.0;0.0;0.0
15;0tsp39eh;4;1;fmhvibbk;beua6ch6;split_you;split_you;Left;share_one;15;;0.0;0;18;N/A;1;employee;;;;;;;;0.0;0.0;0.0;0.0;0.0;0.0;0.0;0.0;0.0;0.0;0.0;0.0
16;y3f1qxuf;16;1;gzribzyd;44a1aq38;split_you;split_you;Left;share_both;16;;0.0;0;18;N/A;1;employee;;;;;;;;0.0;0.0;0.0;0.0;0.0;0.0;0.0;0.0;0.0;0.0;0.0;0.0
17;yt75dd3v;5;1;x1x4jm7i;roxmzk68;split_you;split_you;Right;share_one;17;;0.0;0;18;N/A;1;employee;;;;;;;;0.0;0.0;0.0;0.0;0.0;0.0;0.0;0.0;0.0;0.0;0.0;0.0
1,80E+01;2e434ckt;8;1;tytzgqxh;185lsl9s;split_you;split_you;Right;share_both;18;;0.0;0;18;N/A;1;employee;;;;;;;;0.0;0.0;0.0;0.0;0.0;0.0;0.0;0.0;0.0;0.0;0.0;0.0
19;185lsl9s;8;1;2e434ckt;tytzgqxh;split_you;split_you;Both;share_both;19;;0.0;0;18;N/A;1;employee;;;;;;;;0.0;0.0;0.0;0.0;0.0;0.0;0.0;0.0;0.0;0.0;0.0;0.0
20;dmdvlb6t;7;1;6ojizmt1;qckxzyr3;split_you;split_you;Both;share_one;20;;0.0;0;18;N/A;1;employee;;;;;;;;0.0;0.0;0.0;0.0;0.0;0.0;0.0;0.0;0.0;0.0;0.0;0.0
21;ai35yj68;15;1;q5fvqxb4;xve1f0hw;split_you;split_you;Right;share_both;21;;0.0;0;18;N/A;1;employee;;;;;;;;0.0;0.0;0.0;0.0;0.0;0.0;0.0;0.0;0.0;0.0;0.0;0.0
22;1buf7gtg;9;1;92hx25ex;c5e1v9r1;split_you;split_you;Both;share_one;22;;0.0;0;18;N/A;1;employee;;;;;;;;0.0;0.0;0.0;0.0;0.0;0.0;0.0;0.0;0.0;0.0;0.0;0.0
23;roxmzk68;5;1;yt75dd3v;x1x4jm7i;split_you;split_you;Both;share_one;23;;0.0;0;18;N/A;1;employee;;;;;;;;0.0;0.0;0.0;0.0;0.0;0.0;0.0;0.0;0.0;0.0;0.0;0.0
24;tytzgqxh;8;1;185lsl9s;2e434ckt;split_you;split_you;Left;share_both;24;;0.0;0;18;N/A;1;employee;;;;;;;;0.0;0.0;0.0;0.0;0.0;0.0;0.0;0.0;0.0;0.0;0.0;0.0
25;8alm3lr2;10;1;qfuqa0ha;3zopmy9e;split_you;split_you;Left;share_one;25;;0.0;0;18;N/A;1;employee;;;;;;;;0.0;0.0;0.0;0.0;0.0;0.0;0.0;0.0;0.0;0.0;0.0;0.0
26;of2jflob;11;1;8okhv1km;dg19k2gr;split_you;split_you;Both;share_both;26;;0.0;0;18;N/A;1;employee;;;;;;;;0.0;0.0;0.0;0.0;0.0;0.0;0.0;0.0;0.0;0.0;0.0;0.0
27;dg19k2gr;11;1;of2jflob;8okhv1km;split_you;split_you;Left;share_both;27;;0.0;0;18;N/A;1;employee;;;;;;;;0.0;0.0;0.0;0.0;0.0;0.0;0.0;0.0;0.0;0.0;0.0;0.0
28;c5e1v9r1;9;1;1buf7gtg;92hx25ex;split_you;split_you;Left;share_one;28;;0.0;0;18;N/A;1;employee;;;;;;;;0.0;0.0;0.0;0.0;0.0;0.0;0.0;0.0;0.0;0.0;0.0;0.0
29;ru07md9e;12;1;pzpqduyx;7283axms;split_you;split_you;Both;share_one;29;;0.0;0;18;N/A;1;employee;;;;;;;;0.0;0.0;0.0;0.0;0.0;0.0;0.0;0.0;0.0;0.0;0.0;0.0
30;3zopmy9e;10;1;8alm3lr2;qfuqa0ha;split_you;split_you;Left;share_both;30;;0.0;0;18;N/A;1;employee;;;;;;;;0.0;0.0;0.0;0.0;0.0;0.0;0.0;0.0;0.0;0.0;0.0;0.0
31;8okhv1km;11;1;dg19k2gr;of2jflob;split_you;split_you;Both;share_one;31;;0.0;0;18;N/A;1;employee;;;;;;;;0.0;0.0;0.0;0.0;0.0;0.0;0.0;0.0;0.0;0.0;0.0;0.0
32;oa98fds8;13;1;hpckv9rp;gxtfdlrl;split_you;split_you;Both;share_both;32;;0.0;0;18;N/A;1;employee;;;;;;;;0.0;0.0;0.0;0.0;0.0;0.0;0.0;0.0;0.0;0.0;0.0;0.0
33;xve1f0hw;15;1;ai35yj68;q5fvqxb4;split_you;split_you;Right;share_both;33;;0.0;0;18;N/A;1;employee;;;;;;;;0.0;0.0;0.0;0.0;0.0;0.0;0.0;0.0;0.0;0.0;0.0;0.0
34;92hx25ex;9;1;c5e1v9r1;1buf7gtg;split_you;split_you;Both;share_both;34;;0.0;0;18;N/A;1;employee;;;;;;;;0.0;0.0;0.0;0.0;0.0;0.0;0.0;0.0;0.0;0.0;0.0;0.0
35;7283axms;12;1;ru07md9e;pzpqduyx;split_you;split_you;Both;share_both;35;;0.0;0;18;N/A;1;employee;;;;;;;;0.0;0.0;0.0;0.0;0.0;0.0;0.0;0.0;0.0;0.0;0.0;0.0
36;3z4emp85;14;1;h0osvjnp;fcdu23yx;split_you;split_you;Left;share_both;36;;0.0;0;18;N/A;1;employee;;;;;;;;0.0;0.0;0.0;0.0;0.0;0.0;0.0;0.0;0.0;0.0;0.0;0.0
37;44a1aq38;16;1;y3f1qxuf;gzribzyd;split_you;split_you;Left;share_both;37;;0.0;0;18;N/A;1;employee;;;;;;;;0.0;0.0;0.0;0.0;0.0;0.0;0.0;0.0;0.0;0.0;0.0;0.0
38;gzribzyd;16;1;44a1aq38;y3f1qxuf;split_you;split_you;Left;share_one;38;;0.0;0;18;N/A;1;employee;;;;;;;;0.0;0.0;0.0;0.0;0.0;0.0;0.0;0.0;0.0;0.0;0.0;0.0
39;gxtfdlrl;13;1;oa98fds8;hpckv9rp;split_you;split_you;Right;share_both;39;;0.0;0;18;N/A;1;employee;;;;;;;;0.0;0.0;0.0;0.0;0.0;0.0;0.0;0.0;0.0;0.0;0.0;0.0
40;fcdu23yx;14;1;3z4emp85;h0osvjnp;split_you;split_you;Right;share_both;40;;0.0;0;18;N/A;1;employee;;;;;;;;0.0;0.0;0.0;0.0;0.0;0.0;0.0;0.0;0.0;0.0;0.0;0.0
41;hpckv9rp;13;1;gxtfdlrl;oa98fds8;split_you;split_you;Both;share_both;41;;0.0;0;18;N/A;1;employee;;;;;;;;0.0;0.0;0.0;0.0;0.0;0.0;0.0;0.0;0.0;0.0;0.0;0.0
42;h0osvjnp;14;1;fcdu23yx;3z4emp85;split_you;split_you;Left;share_both;42;;0.0;0;18;N/A;1;employee;;;;;;;;0.0;0.0;0.0;0.0;0.0;0.0;0.0;0.0;0.0;0.0;0.0;0.0
43;pzpqduyx;12;1;7283axms;ru07md9e;split_you;split_you;Left;share_both;43;;0.0;0;18;N/A;1;employee;;;;;;;;0.0;0.0;0.0;0.0;0.0;0.0;0.0;0.0;0.0;0.0;0.0;0.0
44;qfuqa0ha;10;1;3zopmy9e;8alm3lr2;split_you;split_you;Both;share_both;44;;0.0;0;18;N/A;1;employee;;;;;;;;0.0;0.0;0.0;0.0;0.0;0.0;0.0;0.0;0.0;0.0;0.0;0.0
45;q5fvqxb4;15;1;xve1f0hw;ai35yj68;split_you;split_you;Left;share_both;45;;0.0;0;18;N/A;1;employee;;;;;;;;0.0;0.0;0.0;0.0;0.0;0.0;0.0;0.0;0.0;0.0;0.0;0.0
1;1fu9y1aj;1;;;;;;;;1;;0.0;;;;;;;;;;;;;0.0;0.0;0.0;0.0;0.0;0.0;0.0;0.0;0.0;0.0;0.0;0.0
2;pzd9fjek;13;;8yqnncnw;8qxgq3ms;split_both;split_both;Both;share_both;2;;0.0;0;45;Economics;20;employee;6;6;7;7;6;7;1.9;79.21;26.74;19.81;41.34;19.93;9.85;22.38;2.34;2.23;1.57;79.21;0.0
3;5yjs02uz;1;;;;;;;;3;;0.0;;;;;;;;;;;;;0.0;0.0;0.0;0.0;0.0;0.0;0.0;0.0;0.0;0.0;0.0;0.0
4;hsi1vnul;1;;;;;;;;4;;0.0;;;;;;;;;;;;;0.0;0.0;0.0;0.0;0.0;0.0;0.0;0.0;0.0;0.0;0.0;0.0
5;hetqaozn;7;;y229xlov;rhilexuj;split_you;split_you;Left;;5;;0.0;;;;;;;;;;;;;0.0;0.0;0.0;0.0;0.0;0.0;0.0;0.0;0.0;0.0;0.0;0.0
6;3yhfj8m6;15;1;9d8bae4j;2d8kclta;split_other;split_you;Right;share_both;6;;0.0;0;18;N/A;1;employee;;;;;;;;18.88;18.88;18.88;0.0;0.0;0.0;0.0;0.0;0.0;0.0;0.0;0.0
7;th3i3z1r;1;1;;;;;;;7;;0.0;;;;;;;;;;;;;0.0;0.0;0.0;0.0;0.0;0.0;0.0;0.0;0.0;0.0;0.0;0.0
8;8qxgq3ms;13;;pzd9fjek;8yqnncnw;split_both;split_both;Right;;8;;0.0;;;;;;;;;;;;;0.0;0.0;0.0;0.0;0.0;0.0;0.0;0.0;0.0;0.0;0.0;0.0
9;uk8ee11v;1;1;;;;;;;9;;0.0;;;;;;;;;;;;;0.0;0.0;0.0;0.0;0.0;0.0;0.0;0.0;0.0;0.0;0.0;0.0
10;vlhkphbu;16;;fujp3a0k;r4smz6e6;split_both;split_both;Both;;10;;0.0;;;;;;;;;;;;;0.0;0.0;0.0;0.0;0.0;0.0;0.0;0.0;0.0;0.0;0.0;0.0
11;p647emnw;1;1;;;;;;;11;;0.0;;;;;;;;;;;;;0.0;0.0;0.0;0.0;0.0;0.0;0.0;0.0;0.0;0.0;0.0;0.0
12;bab8wqjo;14;;bueb4u4i;7jq6qxh3;split_both;split_both;Right;;12;;0.0;;;;;;;;;;;;;0.0;0.0;0.0;0.0;0.0;0.0;0.0;0.0;0.0;0.0;0.0;0.0
13;8ot66gl6;8;;wx1wj6o7;eoo09gqg;split_you;split_other;Both;;13;;0.0;;;;;;;;;;;;;0.0;0.0;0.0;0.0;0.0;0.0;0.0;0.0;0.0;0.0;0.0;0.0
14;g88j4xg7;1;1;;;;;;;14;;0.0;;;;;;;;;;;;;0.0;0.0;0.0;0.0;0.0;0.0;0.0;0.0;0.0;0.0;0.0;0.0
15;ipnkwh6o;1;1;;;;;;;15;;0.0;;;;;;;;;;;;;0.0;0.0;0.0;0.0;0.0;0.0;0.0;0.0;0.0;0.0;0.0;0.0
16;cnrlo9qf;1;1;;;;;;;16;;0.0;;;;;;;;;;;;;0.0;0.0;0.0;0.0;0.0;0.0;0.0;0.0;0.0;0.0;0.0;0.0
17;1635k3od;10;;04u70zp4;zq85fk59;split_both;split_both;Right;;17;;0.0;;;;;;;;;;;;;0.0;0.0;0.0;0.0;0.0;0.0;0.0;0.0;0.0;0.0;0.0;0.0
18;ruj0w4xr;1;1;;;;;;;18;;0.0;;;;;;;;;;;;;0.0;0.0;0.0;0.0;0.0;0.0;0.0;0.0;0.0;0.0;0.0;0.0
19;eoo09gqg;8;;8ot66gl6;wx1wj6o7;split_both;split_both;Left;;19;;0.0;;;;;;;;;;;;;0.0;0.0;0.0;0.0;0.0;0.0;0.0;0.0;0.0;0.0;0.0;0.0
20;cw3blg3k;3;;2s9nar7d;br25c3xd;split_both;split_both;Both;share_both;20;;0.0;1;50;Psicologia;5;employee;6;1;8;0;7;3;1.1;144.49;10.63;58.45;28.85;21.61;13.37;13.87;21.17;13.48;14.86;144.49;0.0
21;bgdqryxs;1;1;;;;;;;21;;0.0;;;;;;;;;;;;;0.0;0.0;0.0;0.0;0.0;0.0;0.0;0.0;0.0;0.0;0.0;0.0
22;wx1wj6o7;8;;eoo09gqg;8ot66gl6;split_both;split_both;Both;share_both;22;;0.0;0;55;diploma;10;employee;5;5;5;5;5;5;2.0;24.71;4.25;41.87;1.56;11.3;5.83;2.89;2.28;3.48;3.71;24.71;0.0
23;0j12tjt3;6;;vrt0fjm1;c2ycwfix;split_both;split_both;Both;share_both;23;;0.0;0;57; LAUREA ;5;employee;10;6;10;5;10;6;1.5;81.8;4.09;60.09;2.75;34.63;7.38;15.52;23.87;20.3;8.1;81.8;0.0
24;nf397ou8;11;;ovyw28qv;5mhp2h2j;split_you;split_other;Left;share_one;24;;0.0;1;50;legale;4;employee;7;8;9;4;10;7;1.9;30.55;4.61;26.26;2.59;6.62;9.65;5.04;5.74;8.22;6.63;30.55;0.0
25;luigdojb;1;1;;;;;;;25;;0.0;;;;;;;;;;;;;0.0;0.0;0.0;0.0;0.0;0.0;0.0;0.0;0.0;0.0;0.0;0.0
26;2d8kclta;15;;3yhfj8m6;9d8bae4j;split_you;split_other;Left;share_one;26;;0.0;1;65;umanistico;6;employee;7;6;9;0;8;6;1.1;75.63;21.11;34.56;21.18;24.55;14.2;14.34;18.21;14.24;10.99;75.63;0.0
27;ff8ef196;12;;jfuhc7aq;g0cbyn29;split_you;split_other;Left;share_both;27;;0.0;1;60;Laurea;4;employee;7;6;9;7;5;6;1.5;53.67;5.03;35.43;2.97;29.7;9.02;11.19;8.43;14.21;6.99;53.67;0.0
28;syt59cdo;1;1;;;;;;;28;;0.0;;;;;;;;;;;;;0.0;0.0;0.0;0.0;0.0;0.0;0.0;0.0;0.0;0.0;0.0;0.0
29;br25c3xd;3;;cw3blg3k;2s9nar7d;split_both;split_both;Both;share_both;29;;0.0;1;58;laurea in lingue + master in comunicazione e media + master in public speaking;2;employee;6;5;10;0;2;5;1.1;21.83;1.71;62.23;5.28;20.9;5.98;5.88;10.65;9.55;4.71;21.83;0.0
30;7jq6qxh3;14;;bab8wqjo;bueb4u4i;split_both;split_both;Both;share_one;30;;0.0;1;54;laurea scienze giuridiche;3;employee;5;4;7;6;7;6;1.9;61.45;9.91;67.64;18.5;14.41;6.12;5.67;6.28;6.07;5.66;61.45;0.0
31;j0bllyjy;1;1;;;;;;;31;;0.0;;;;;;;;;;;;;0.0;0.0;0.0;0.0;0.0;0.0;0.0;0.0;0.0;0.0;0.0;0.0
32;zq85fk59;10;;1635k3od;04u70zp4;split_both;split_both;Both;share_both;32;;0.0;1;57;Giuridici;4;employee;7;5;10;4;9;5;1.5;46.19;15.98;92.01;37.58;23.76;23.48;11.75;13.18;10.29;22.45;46.19;0.0
33;v3691z1i;2;;1iernbcq;a1qq1ocd;split_you;split_other;Left;share_both;33;;0.0;0;49;communications;5;employee;5;4;10;7;8;6;1.8;49.98;9.87;19.4;200.98;7.69;5.23;9.61;20.69;6.01;4.39;49.98;0.0
34;npufvtca;1;1;;;;;;;34;;0.0;;;;;;;;;;;;;0.0;0.0;0.0;0.0;0.0;0.0;0.0;0.0;0.0;0.0;0.0;0.0
35;9d8bae4j;15;;2d8kclta;3yhfj8m6;split_both;split_both;Right;;35;;0.0;;;;;;;;;;;;;0.0;0.0;0.0;0.0;0.0;0.0;0.0;0.0;0.0;0.0;0.0;0.0
36;oyvufias;9;1;a5pham2n;qjrg1l5b;split_other;split_other;Right;share_both;36;;0.0;0;18;N/A;1;employee;;;;;;;;25.87;25.87;25.87;0.0;0.0;0.0;0.0;0.0;0.0;0.0;0.0;0.0
37;5mhp2h2j;11;;nf397ou8;ovyw28qv;split_other;split_you;Right;share_both;37;;0.0;1;42;Communication Studies;6;employee;7;4;8;2;7;3;1.8;28.15;7.14;91.68;10.94;58.34;9.9;6.29;17.15;11.42;5.92;28.15;0.0
38;a1qq1ocd;2;;v3691z1i;1iernbcq;split_both;split_both;Right;;38;;0.0;;;;;;;;;;;;;0.0;0.0;0.0;0.0;0.0;0.0;0.0;0.0;0.0;0.0;0.0;0.0
39;8yqnncnw;13;;8qxgq3ms;pzd9fjek;split_both;split_both;Both;share_both;39;;0.0;1;34;Laurea magistrale in giurisprudenza ;6;employee;8;3;10;5;8;4;1.1;77.15;5.42;47.03;26.34;10.8;14.06;5.25;17.84;13.04;13.29;77.15;0.0
40;ej0v67fc;1;;;;;;;;40;;0.0;;;;;;;;;;;;;0.0;0.0;0.0;0.0;0.0;0.0;0.0;0.0;0.0;0.0;0.0;0.0
41;brln0ee7;4;;y3atyre1;gn5d8gey;split_both;split_both;Both;share_both;41;;0.0;1;58;amministrativo;1;employee;7;6;3;0;6;7;1.1;26.52;4.7;29.03;17.51;10.77;8.03;7.62;8.26;6.02;6.59;26.52;0.0
42;b0grdl60;1;1;;;;;;;42;;0.0;;;;;;;;;;;;;0.0;0.0;0.0;0.0;0.0;0.0;0.0;0.0;0.0;0.0;0.0;0.0
43;1iernbcq;2;;a1qq1ocd;v3691z1i;split_both;split_you;Right;share_both;43;;0.0;0;40;Scienze giuridiche;2;employer;8;8;10;2;10;8;1.1;41.25;4.09;35.08;5.66;9.54;6.23;3.23;5.96;4.96;5.66;41.25;0.0
44;42qfsjt7;1;1;;;;;;;44;;0.0;;;;;;;;;;;;;0.0;0.0;0.0;0.0;0.0;0.0;0.0;0.0;0.0;0.0;0.0;0.0
45;ceo5vj9y;1;1;;;;;;;45;;0.0;;;;;;;;;;;;;0.0;0.0;0.0;0.0;0.0;0.0;0.0;0.0;0.0;0.0;0.0;0.0
46;gu64xxh4;1;;;;;;;;46;;0.0;;;;;;;;;;;;;0.0;0.0;0.0;0.0;0.0;0.0;0.0;0.0;0.0;0.0;0.0;0.0
47;t46ocgdg;1;;;;;;;;47;;0.0;;;;;;;;;;;;;0.0;0.0;0.0;0.0;0.0;0.0;0.0;0.0;0.0;0.0;0.0;0.0
48;c2ycwfix;6;;0j12tjt3;vrt0fjm1;split_you;split_you;Both;share_both;48;;0.0;1;50;sociology;2;employee;8;5;9;6;8;6;1.2;82.51;12.65;45.77;27.78;13.77;8.59;13.15;14.28;7.07;7.94;82.51;0.0
49;tj95w8dv;5;;73thvczv;ykrt3sc2;split_both;split_other;Both;;49;;0.0;;;;;;;;;;;;;0.0;0.0;0.0;0.0;0.0;0.0;0.0;0.0;0.0;0.0;0.0;0.0
50;8o1f2cjs;1;1;;;;;;;50;;0.0;;;;;;;;;;;;;0.0;0.0;0.0;0.0;0.0;0.0;0.0;0.0;0.0;0.0;0.0;0.0
51;ykrt3sc2;5;1;tj95w8dv;73thvczv;split_you;split_you;Both;share_both;51;;0.0;0;40;Jbuh;20;employee;10;10;10;0;;;;180.0;1.68;45.08;4.62;5.45;4.86;6.42;180.0;0.0;0.0;0.0;0.0
52;73thvczv;5;;ykrt3sc2;tj95w8dv;split_you;split_other;Left;share_both;52;;0.0;1;49;Diploma ;2;employee;8;7;10;0;8;5;1.3;88.82;16.37;30.82;48.88;18.83;13.13;11.64;11.14;18.97;15.72;88.82;0.0
53;g0cbyn29;12;;ff8ef196;jfuhc7aq;split_both;split_both;Both;share_both;53;;0.0;0;50;laurea;1;employee;8;7;5;6;5;6;1.9;28.93;5.98;32.49;316.52;46.45;69.67;6.19;5.02;2.48;20.25;28.93;0.0
54;7lzfnhce;1;1;;;;;;;54;;0.0;;;;;;;;;;;;;0.0;0.0;0.0;0.0;0.0;0.0;0.0;0.0;0.0;0.0;0.0;0.0
55;jfuhc7aq;12;;g0cbyn29;ff8ef196;split_other;split_you;Right;share_one;55;;0.0;1;36;-;2;employee;5;5;5;5;5;5;1.1;65.5;7.22;104.48;2.57;4.16;1.44;1.66;1.71;1.35;1.36;65.5;0.0
56;fy3gz7fe;1;1;;;;;;;56;;0.0;;;;;;;;;;;;;0.0;0.0;0.0;0.0;0.0;0.0;0.0;0.0;0.0;0.0;0.0;0.0
57;tsn3s94h;1;1;;;;;;;57;;0.0;;;;;;;;;;;;;0.0;0.0;0.0;0.0;0.0;0.0;0.0;0.0;0.0;0.0;0.0;0.0
58;8l4z75ui;1;;;;;;;;58;;0.0;;;;;;;;;;;;;0.0;0.0;0.0;0.0;0.0;0.0;0.0;0.0;0.0;0.0;0.0;0.0
59;z7kelgka;1;;;;;;;;59;;0.0;;;;;;;;;;;;;0.0;0.0;0.0;0.0;0.0;0.0;0.0;0.0;0.0;0.0;0.0;0.0
60;2yfm8ps3;1;;;;;;;;60;;0.0;;;;;;;;;;;;;0.0;0.0;0.0;0.0;0.0;0.0;0.0;0.0;0.0;0.0;0.0;0.0
61;hy3jezzh;1;1;;;;;;;61;;0.0;;;;;;;;;;;;;0.0;0.0;0.0;0.0;0.0;0.0;0.0;0.0;0.0;0.0;0.0;0.0
62;1zer1fyy;1;1;;;;;;;62;;0.0;;;;;;;;;;;;;0.0;0.0;0.0;0.0;0.0;0.0;0.0;0.0;0.0;0.0;0.0;0.0
63;s9s0kj4k;1;;;;;;;;63;;0.0;;;;;;;;;;;;;0.0;0.0;0.0;0.0;0.0;0.0;0.0;0.0;0.0;0.0;0.0;0.0
64;gn5d8gey;4;;brln0ee7;y3atyre1;split_both;split_both;Both;share_both;64;;0.0;1;64;laurea;3;employee;8;3;10;4;1;4;2.0;50.53;1.73;34.32;24.64;20.62;33.37;17.96;22.28;21.94;18.73;50.53;0.0
65;rhilexuj;7;;hetqaozn;y229xlov;split_other;split_you;Right;share_both;65;;0.0;1;52;amministrazione;4;employee;8;5;8;3;7;7;1.5;39.05;19.76;77.17;20.07;16.46;5.91;10.97;16.01;13.79;11.36;39.05;0.0
66;2g6752cx;1;1;;;;;;;66;;0.0;;;;;;;;;;;;;0.0;0.0;0.0;0.0;0.0;0.0;0.0;0.0;0.0;0.0;0.0;0.0
67;2s9nar7d;3;;br25c3xd;cw3blg3k;split_both;split_both;Both;share_both;67;;0.0;1;53;tecnico scientifico;2;employee;8;8;10;0;10;10;1.7;51.06;9.83;32.22;52.53;17.34;23.6;32.22;13.85;15.96;11.23;51.06;0.0
68;zdcuonrg;1;1;;;;;;;68;;0.0;;;;;;;;;;;;;0.0;0.0;0.0;0.0;0.0;0.0;0.0;0.0;0.0;0.0;0.0;0.0
69;60stog4t;1;1;;;;;;;69;;0.0;;;;;;;;;;;;;0.0;0.0;0.0;0.0;0.0;0.0;0.0;0.0;0.0;0.0;0.0;0.0
70;utp2m614;1;1;;;;;;;70;;0.0;;;;;;;;;;;;;0.0;0.0;0.0;0.0;0.0;0.0;0.0;0.0;0.0;0.0;0.0;0.0
71;6nf0d2r7;1;1;;;;;;;71;;0.0;;;;;;;;;;;;;0.0;0.0;0.0;0.0;0.0;0.0;0.0;0.0;0.0;0.0;0.0;0.0
72;dnnxb7f1;1;;;;;;;;72;;0.0;;;;;;;;;;;;;0.0;0.0;0.0;0.0;0.0;0.0;0.0;0.0;0.0;0.0;0.0;0.0
73;y229xlov;7;;rhilexuj;hetqaozn;split_you;split_you;Right;share_both;73;;0.0;1;50;diploma;1;employee;7;7;8;1;9;8;2.0;81.75;14.67;46.23;8.13;31.37;8.51;15.91;37.19;21.58;23.13;81.75;0.0
74;vrt0fjm1;6;;c2ycwfix;0j12tjt3;split_both;split_both;Right;;74;;0.0;;;;;;;;;;;;;0.0;0.0;0.0;0.0;0.0;0.0;0.0;0.0;0.0;0.0;0.0;0.0
75;ovyw28qv;11;;5mhp2h2j;nf397ou8;split_other;split_you;Right;share_one;75;;0.0;1;39;LT;3;employer;2;1;2;2;2;2;2.0;8.78;2.0;30.36;2.83;60.48;8.07;5.35;3.09;3.84;3.06;8.78;0.0
76;qjrg1l5b;9;;oyvufias;a5pham2n;split_both;split_both;Both;share_both;76;;0.0;2;50;Economy;2;employee;5;5;8;5;5;10;2.0;106.85;6.92;156.71;4.88;12.18;4.23;10.63;12.05;6.26;7.63;106.85;0.0
77;04u70zp4;10;;zq85fk59;1635k3od;split_you;split_both;Right;share_one;77;;0.0;0;50;degree;5;employee;8;5;8;8;8;7;1.1;97.1;1.43;32.18;6.51;20.89;7.29;6.97;43.18;6.25;10.79;97.1;0.0
78;zptzfp8u;1;1;;;;;;;78;;0.0;;;;;;;;;;;;;0.0;0.0;0.0;0.0;0.0;0.0;0.0;0.0;0.0;0.0;0.0;0.0
79;y3atyre1;4;;gn5d8gey;brln0ee7;split_both;split_both;Both;share_both;79;;0.0;1;36;Matematica;8;employee;10;6;10;5;10;8;2.0;63.41;2.49;34.1;1.91;29.2;6.17;5.62;10.39;14.51;6.73;63.41;0.0
80;67esefc2;1;1;;;;;;;80;;0.0;;;;;;;;;;;;;0.0;0.0;0.0;0.0;0.0;0.0;0.0;0.0;0.0;0.0;0.0;0.0
81;bueb4u4i;14;;7jq6qxh3;bab8wqjo;split_both;split_both;Both;share_both;81;;0.0;1;60;pharmacy;9;employee;8;5;9;6;7;8;2.0;37.29;7.99;55.59;13.48;24.59;8.34;10.68;10.12;12.88;18.41;37.29;0.0
82;qjg0cuk3;1;;;;;;;;82;;0.0;;;;;;;;;;;;;0.0;0.0;0.0;0.0;0.0;0.0;0.0;0.0;0.0;0.0;0.0;0.0
83;a5pham2n;9;;qjrg1l5b;oyvufias;split_you;split_other;Left;;83;;0.0;;;;;;;;;;;;;0.0;0.0;0.0;0.0;0.0;0.0;0.0;0.0;0.0;0.0;0.0;0.0
84;fkc0uwfh;1;1;;;;;;;84;;0.0;;;;;;;;;;;;;0.0;0.0;0.0;0.0;0.0;0.0;0.0;0.0;0.0;0.0;0.0;0.0
85;r6nruljo;1;;;;;;;;85;;0.0;;;;;;;;;;;;;0.0;0.0;0.0;0.0;0.0;0.0;0.0;0.0;0.0;0.0;0.0;0.0
86;umqy120s;1;;;;;;;;86;;0.0;;;;;;;;;;;;;0.0;0.0;0.0;0.0;0.0;0.0;0.0;0.0;0.0;0.0;0.0;0.0
87;r4smz6e6;16;;vlhkphbu;fujp3a0k;split_both;split_both;Both;share_one;87;;0.0;1;61;laurea;5;employee;8;6;8;6;8;6;2.0;37.52;21.66;56.27;9.11;13.63;5.17;6.77;17.61;53.46;9.05;37.52;0.0
88;fujp3a0k;16;;r4smz6e6;vlhkphbu;split_both;split_both;Both;share_both;88;;0.0;1;61;lettere;4;employee;7;5;10;6;8;8;1.2;48.59;8.5;19.41;2.86;10.72;9.89;7.01;6.68;6.64;5.16;48.59;0.0
89;wispbiwv;1;;;;;;;;89;;0.0;;;;;;;;;;;;;0.0;0.0;0.0;0.0;0.0;0.0;0.0;0.0;0.0;0.0;0.0;0.0
90;vdk46c4w;1;;;;;;;;90;;0.0;;;;;;;;;;;;;0.0;0.0;0.0;0.0;0.0;0.0;0.0;0.0;0.0;0.0;0.0;0.0
91;i8tliuh9;1;;;;;;;;91;;0.0;;;;;;;;;;;;;0.0;0.0;0.0;0.0;0.0;0.0;0.0;0.0;0.0;0.0;0.0;0.0
92;wkfdxsel;1;;;;;;;;92;;0.0;;;;;;;;;;;;;0.0;0.0;0.0;0.0;0.0;0.0;0.0;0.0;0.0;0.0;0.0;0.0
93;g8c33lgy;1;;;;;;;;93;;0.0;;;;;;;;;;;;;0.0;0.0;0.0;0.0;0.0;0.0;0.0;0.0;0.0;0.0;0.0;0.0
94;5eeytytj;1;;;;;;;;94;;0.0;;;;;;;;;;;;;0.0;0.0;0.0;0.0;0.0;0.0;0.0;0.0;0.0;0.0;0.0;0.0
95;i9i8n3ij;1;;;;;;;;95;;0.0;;;;;;;;;;;;;0.0;0.0;0.0;0.0;0.0;0.0;0.0;0.0;0.0;0.0;0.0;0.0
96;kp033yd5;1;;;;;;;;96;;0.0;;;;;;;;;;;;;0.0;0.0;0.0;0.0;0.0;0.0;0.0;0.0;0.0;0.0;0.0;0.0
97;avtn78cn;1;;;;;;;;97;;0.0;;;;;;;;;;;;;0.0;0.0;0.0;0.0;0.0;0.0;0.0;0.0;0.0;0.0;0.0;0.0
98;izwzfez3;1;;;;;;;;98;;0.0;;;;;;;;;;;;;0.0;0.0;0.0;0.0;0.0;0.0;0.0;0.0;0.0;0.0;0.0;0.0
99;owhqwdf3;1;;;;;;;;99;;0.0;;;;;;;;;;;;;0.0;0.0;0.0;0.0;0.0;0.0;0.0;0.0;0.0;0.0;0.0;0.0
100;rvo6hdxf;1;;;;;;;;100;;0.0;;;;;;;;;;;;;0.0;0.0;0.0;0.0;0.0;0.0;0.0;0.0;0.0;0.0;0.0;0.0
101;qzo8zj4l;1;;;;;;;;101;;0.0;;;;;;;;;;;;;0.0;0.0;0.0;0.0;0.0;0.0;0.0;0.0;0.0;0.0;0.0;0.0
102;d4l8670p;1;;;;;;;;102;;0.0;;;;;;;;;;;;;0.0;0.0;0.0;0.0;0.0;0.0;0.0;0.0;0.0;0.0;0.0;0.0
103;ap4wj4dm;1;;;;;;;;103;;0.0;;;;;;;;;;;;;0.0;0.0;0.0;0.0;0.0;0.0;0.0;0.0;0.0;0.0;0.0;0.0
104;v53v7ol3;1;;;;;;;;104;;0.0;;;;;;;;;;;;;0.0;0.0;0.0;0.0;0.0;0.0;0.0;0.0;0.0;0.0;0.0;0.0
105;e66maqfd;1;;;;;;;;105;;0.0;;;;;;;;;;;;;0.0;0.0;0.0;0.0;0.0;0.0;0.0;0.0;0.0;0.0;0.0;0.0
106;3axp6fd7;1;;;;;;;;106;;0.0;;;;;;;;;;;;;0.0;0.0;0.0;0.0;0.0;0.0;0.0;0.0;0.0;0.0;0.0;0.0
107;ap7rx8ba;1;;;;;;;;107;;0.0;;;;;;;;;;;;;0.0;0.0;0.0;0.0;0.0;0.0;0.0;0.0;0.0;0.0;0.0;0.0
108;a48p7afy;1;;;;;;;;108;;0.0;;;;;;;;;;;;;0.0;0.0;0.0;0.0;0.0;0.0;0.0;0.0;0.0;0.0;0.0;0.0
109;neyyqppa;1;;;;;;;;109;;0.0;;;;;;;;;;;;;0.0;0.0;0.0;0.0;0.0;0.0;0.0;0.0;0.0;0.0;0.0;0.0
110;87f5lyym;1;;;;;;;;110;;0.0;;;;;;;;;;;;;0.0;0.0;0.0;0.0;0.0;0.0;0.0;0.0;0.0;0.0;0.0;0.0
111;k7a6c102;1;;;;;;;;111;;0.0;;;;;;;;;;;;;0.0;0.0;0.0;0.0;0.0;0.0;0.0;0.0;0.0;0.0;0.0;0.0
112;2e9aj8n7;1;;;;;;;;112;;0.0;;;;;;;;;;;;;0.0;0.0;0.0;0.0;0.0;0.0;0.0;0.0;0.0;0.0;0.0;0.0
113;pvr6mvk5;1;;;;;;;;113;;0.0;;;;;;;;;;;;;0.0;0.0;0.0;0.0;0.0;0.0;0.0;0.0;0.0;0.0;0.0;0.0
114;owvqtaev;1;;;;;;;;114;;0.0;;;;;;;;;;;;;0.0;0.0;0.0;0.0;0.0;0.0;0.0;0.0;0.0;0.0;0.0;0.0
115;zjwd50ty;1;;;;;;;;115;;0.0;;;;;;;;;;;;;0.0;0.0;0.0;0.0;0.0;0.0;0.0;0.0;0.0;0.0;0.0;0.0
116;p36uyuhp;1;;;;;;;;116;;0.0;;;;;;;;;;;;;0.0;0.0;0.0;0.0;0.0;0.0;0.0;0.0;0.0;0.0;0.0;0.0
117;7odlzoep;1;;;;;;;;117;;0.0;;;;;;;;;;;;;0.0;0.0;0.0;0.0;0.0;0.0;0.0;0.0;0.0;0.0;0.0;0.0
118;9veu38i1;1;;;;;;;;118;;0.0;;;;;;;;;;;;;0.0;0.0;0.0;0.0;0.0;0.0;0.0;0.0;0.0;0.0;0.0;0.0
119;3jf1172g;1;;;;;;;;119;;0.0;;;;;;;;;;;;;0.0;0.0;0.0;0.0;0.0;0.0;0.0;0.0;0.0;0.0;0.0;0.0
120;9v7hh6i6;1;;;;;;;;120;;0.0;;;;;;;;;;;;;0.0;0.0;0.0;0.0;0.0;0.0;0.0;0.0;0.0;0.0;0.0;0.0
121;okraxoiz;1;;;;;;;;121;;0.0;;;;;;;;;;;;;0.0;0.0;0.0;0.0;0.0;0.0;0.0;0.0;0.0;0.0;0.0;0.0
122;qtnqukev;1;;;;;;;;122;;0.0;;;;;;;;;;;;;0.0;0.0;0.0;0.0;0.0;0.0;0.0;0.0;0.0;0.0;0.0;0.0
123;xjse8lyq;1;;;;;;;;123;;0.0;;;;;;;;;;;;;0.0;0.0;0.0;0.0;0.0;0.0;0.0;0.0;0.0;0.0;0.0;0.0
124;pasg63gc;1;;;;;;;;124;;0.0;;;;;;;;;;;;;0.0;0.0;0.0;0.0;0.0;0.0;0.0;0.0;0.0;0.0;0.0;0.0
125;1vgrdv5n;1;;;;;;;;125;;0.0;;;;;;;;;;;;;0.0;0.0;0.0;0.0;0.0;0.0;0.0;0.0;0.0;0.0;0.0;0.0
126;1933us98;1;;;;;;;;126;;0.0;;;;;;;;;;;;;0.0;0.0;0.0;0.0;0.0;0.0;0.0;0.0;0.0;0.0;0.0;0.0
127;ti5oyken;1;;;;;;;;127;;0.0;;;;;;;;;;;;;0.0;0.0;0.0;0.0;0.0;0.0;0.0;0.0;0.0;0.0;0.0;0.0
128;qpd26lu5;1;;;;;;;;128;;0.0;;;;;;;;;;;;;0.0;0.0;0.0;0.0;0.0;0.0;0.0;0.0;0.0;0.0;0.0;0.0
129;z5rkzd76;1;;;;;;;;129;;0.0;;;;;;;;;;;;;0.0;0.0;0.0;0.0;0.0;0.0;0.0;0.0;0.0;0.0;0.0;0.0
130;trgtucd8;1;;;;;;;;130;;0.0;;;;;;;;;;;;;0.0;0.0;0.0;0.0;0.0;0.0;0.0;0.0;0.0;0.0;0.0;0.0
131;xs6vbc9o;1;;;;;;;;131;;0.0;;;;;;;;;;;;;0.0;0.0;0.0;0.0;0.0;0.0;0.0;0.0;0.0;0.0;0.0;0.0
132;73wdpoq1;1;;;;;;;;132;;0.0;;;;;;;;;;;;;0.0;0.0;0.0;0.0;0.0;0.0;0.0;0.0;0.0;0.0;0.0;0.0
133;tgzjz4fo;1;;;;;;;;133;;0.0;;;;;;;;;;;;;0.0;0.0;0.0;0.0;0.0;0.0;0.0;0.0;0.0;0.0;0.0;0.0
134;anjzvdy2;1;;;;;;;;134;;0.0;;;;;;;;;;;;;0.0;0.0;0.0;0.0;0.0;0.0;0.0;0.0;0.0;0.0;0.0;0.0
135;mnbzx1p1;1;;;;;;;;135;;0.0;;;;;;;;;;;;;0.0;0.0;0.0;0.0;0.0;0.0;0.0;0.0;0.0;0.0;0.0;0.0
1;ibfwgkpl;1;;;;;;;;1;;0.0;;;;;;;;;;;;;0.0;0.0;0.0;0.0;0.0;0.0;0.0;0.0;0.0;0.0;0.0;0.0
2;fpgmjzgf;1;;;;;;;;2;;0.0;;;;;;;;;;;;;0.0;0.0;0.0;0.0;0.0;0.0;0.0;0.0;0.0;0.0;0.0;0.0
3;orexdhup;1;;;;;;;;3;;0.0;;;;;;;;;;;;;0.0;0.0;0.0;0.0;0.0;0.0;0.0;0.0;0.0;0.0;0.0;0.0
1;ax6us4rn;1;;;;;;;;1;;0.0;;;;;;;;;;;;;0.0;0.0;0.0;0.0;0.0;0.0;0.0;0.0;0.0;0.0;0.0;0.0
2;z9xwja3d;1;;;;;;;;2;;0.0;;;;;;;;;;;;;0.0;0.0;0.0;0.0;0.0;0.0;0.0;0.0;0.0;0.0;0.0;0.0
3;2bw6bnk9;1;;;;;;;;3;;0.0;;;;;;;;;;;;;0.0;0.0;0.0;0.0;0.0;0.0;0.0;0.0;0.0;0.0;0.0;0.0
1;i4i3tmug;5;;simlh0ez;9lowtshx;split_other;split_you;Right;share_both;1;;0.0;0;23;Economics;5;not_in_labour_force;8;7;10;6;8;10;2.0;26.6;4.93;19.55;5.4;13.77;5.0;3.09;8.42;6.23;3.17;26.6;0.0
2;9lowtshx;5;;i4i3tmug;simlh0ez;split_both;split_both;Both;share_both;2;;0.0;0;22;Economia Politica;3;not_in_labour_force;10;10;10;10;10;10;1.9;63.36;0.94;18.61;3.47;3.49;9.62;5.43;3.22;3.69;25.42;63.36;0.0
3;simlh0ez;5;;9lowtshx;i4i3tmug;split_both;split_both;Both;;3;;0.0;;;;;;;;;;;;;0.0;0.0;0.0;0.0;0.0;0.0;0.0;0.0;0.0;0.0;0.0;0.0
4;viaxlpcy;4;;sthih2j8;bnuc6jnp;split_both;split_both;Left;share_one;4;;0.0;1;22;Economics;5;not_in_labour_force;8;6;5;3;7;5;1.9;122.07;17.81;41.31;23.88;32.34;7.98;7.64;33.57;8.61;5.34;122.07;0.0
5;b6mb3dyb;3;;cpn08rvz;4uvdbn2v;split_other;split_you;Right;share_both;5;;0.0;1;22;economics;4;not_in_labour_force;9;5;10;4;9;4;1.4;66.08;4.09;17.08;9.14;25.4;6.83;6.4;9.34;6.64;11.81;66.08;0.0
6;9r3ttt9c;2;;dbc3qlg7;n3fe0c5q;split_you;split_other;Left;share_one;6;;0.0;0;22;development economics;4;not_in_labour_force;10;8;9;2;8;0;1.8;62.85;7.61;20.75;28.89;42.6;11.38;7.54;12.65;25.43;20.68;62.85;0.0
7;uq4bno51;1;;;;;;;;7;;0.0;;;;;;;;;;;;;0.0;0.0;0.0;0.0;0.0;0.0;0.0;0.0;0.0;0.0;0.0;0.0
8;4xzbaozv;1;;;;;;;;8;;0.0;;;;;;;;;;;;;0.0;0.0;0.0;0.0;0.0;0.0;0.0;0.0;0.0;0.0;0.0;0.0
9;bnuc6jnp;4;;viaxlpcy;sthih2j8;split_both;split_both;Both;share_both;9;;0.0;1;22;Economy;4;not_in_labour_force;6;1;8;1;7;4;1.8;94.21;10.27;31.53;21.21;12.32;7.89;6.3;8.89;9.4;5.51;94.21;0.0
10;qv5ox1qc;1;;;;;;;;10;;0.0;;;;;;;;;;;;;0.0;0.0;0.0;0.0;0.0;0.0;0.0;0.0;0.0;0.0;0.0;0.0
11;n3fe0c5q;2;;9r3ttt9c;dbc3qlg7;split_both;split_both;Both;share_both;11;;0.0;0;27;economics;5;not_in_labour_force;4;7;8;4;8;2;1.4;41.99;5.85;26.04;13.58;12.41;4.73;5.42;6.88;6.51;4.46;41.99;0.0
12;4uvdbn2v;3;;b6mb3dyb;cpn08rvz;split_you;split_other;Left;share_one;12;;0.0;0;23;economics;5;not_in_labour_force;3;4;8;4;6;2;2.0;67.28;2.54;26.23;16.64;13.96;14.03;7.82;10.24;6.62;4.98;67.28;0.0
13;dbc3qlg7;2;;n3fe0c5q;9r3ttt9c;split_other;split_other;Right;share_one;13;;0.0;1;24;economics;4;not_in_labour_force;3;3;7;5;8;5;1.8;27.15;2.15;141.33;3.48;30.19;14.51;6.44;32.74;5.98;24.12;27.15;0.0
14;p9ai9mti;1;;;;;;;;14;;0.0;;;;;;;;;;;;;0.0;0.0;0.0;0.0;0.0;0.0;0.0;0.0;0.0;0.0;0.0;0.0
15;sthih2j8;4;;bnuc6jnp;viaxlpcy;split_you;split_you;Right;;15;;0.0;;;;;;;;;;;;;0.0;0.0;0.0;0.0;0.0;0.0;0.0;0.0;0.0;0.0;0.0;0.0
16;cpn08rvz;3;;4uvdbn2v;b6mb3dyb;split_you;split_you;Left;;16;;0.0;;;;;;;;;;;;;0.0;0.0;0.0;0.0;0.0;0.0;0.0;0.0;0.0;0.0;0.0;0.0
17;xm9pybg5;1;;;;;;;;17;;0.0;;;;;;;;;;;;;0.0;0.0;0.0;0.0;0.0;0.0;0.0;0.0;0.0;0.0;0.0;0.0
18;5co5ezka;1;;;;;;;;18;;0.0;;;;;;;;;;;;;0.0;0.0;0.0;0.0;0.0;0.0;0.0;0.0;0.0;0.0;0.0;0.0
19;q0yfile5;1;;;;;;;;19;;0.0;;;;;;;;;;;;;0.0;0.0;0.0;0.0;0.0;0.0;0.0;0.0;0.0;0.0;0.0;0.0
20;ax1202mv;1;;;;;;;;20;;0.0;;;;;;;;;;;;;0.0;0.0;0.0;0.0;0.0;0.0;0.0;0.0;0.0;0.0;0.0;0.0
21;sfp1e8ab;1;;;;;;;;21;;0.0;;;;;;;;;;;;;0.0;0.0;0.0;0.0;0.0;0.0;0.0;0.0;0.0;0.0;0.0;0.0
22;szv94ink;1;;;;;;;;22;;0.0;;;;;;;;;;;;;0.0;0.0;0.0;0.0;0.0;0.0;0.0;0.0;0.0;0.0;0.0;0.0
23;vdhncyrq;1;;;;;;;;23;;0.0;;;;;;;;;;;;;0.0;0.0;0.0;0.0;0.0;0.0;0.0;0.0;0.0;0.0;0.0;0.0
24;gc76c1t3;1;;;;;;;;24;;0.0;;;;;;;;;;;;;0.0;0.0;0.0;0.0;0.0;0.0;0.0;0.0;0.0;0.0;0.0;0.0
25;zr62s55h;1;;;;;;;;25;;0.0;;;;;;;;;;;;;0.0;0.0;0.0;0.0;0.0;0.0;0.0;0.0;0.0;0.0;0.0;0.0
26;ae9eyrrf;1;;;;;;;;26;;0.0;;;;;;;;;;;;;0.0;0.0;0.0;0.0;0.0;0.0;0.0;0.0;0.0;0.0;0.0;0.0
27;uw7jbxqu;1;;;;;;;;27;;0.0;;;;;;;;;;;;;0.0;0.0;0.0;0.0;0.0;0.0;0.0;0.0;0.0;0.0;0.0;0.0
28;wch6gi7w;1;;;;;;;;28;;0.0;;;;;;;;;;;;;0.0;0.0;0.0;0.0;0.0;0.0;0.0;0.0;0.0;0.0;0.0;0.0
29;2fff8441;1;;;;;;;;29;;0.0;;;;;;;;;;;;;0.0;0.0;0.0;0.0;0.0;0.0;0.0;0.0;0.0;0.0;0.0;0.0
30;h6gbkfz7;1;;;;;;;;30;;0.0;;;;;;;;;;;;;0.0;0.0;0.0;0.0;0.0;0.0;0.0;0.0;0.0;0.0;0.0;0.0
31;p5nxs3dx;1;;;;;;;;31;;0.0;;;;;;;;;;;;;0.0;0.0;0.0;0.0;0.0;0.0;0.0;0.0;0.0;0.0;0.0;0.0
32;qayalwfz;1;;;;;;;;32;;0.0;;;;;;;;;;;;;0.0;0.0;0.0;0.0;0.0;0.0;0.0;0.0;0.0;0.0;0.0;0.0
33;augtm4kx;1;;;;;;;;33;;0.0;;;;;;;;;;;;;0.0;0.0;0.0;0.0;0.0;0.0;0.0;0.0;0.0;0.0;0.0;0.0
34;1bcvc3ws;1;;;;;;;;34;;0.0;;;;;;;;;;;;;0.0;0.0;0.0;0.0;0.0;0.0;0.0;0.0;0.0;0.0;0.0;0.0
35;763sni21;1;;;;;;;;35;;0.0;;;;;;;;;;;;;0.0;0.0;0.0;0.0;0.0;0.0;0.0;0.0;0.0;0.0;0.0;0.0
36;5etlsf4c;1;;;;;;;;36;;0.0;;;;;;;;;;;;;0.0;0.0;0.0;0.0;0.0;0.0;0.0;0.0;0.0;0.0;0.0;0.0
37;956krz20;1;;;;;;;;37;;0.0;;;;;;;;;;;;;0.0;0.0;0.0;0.0;0.0;0.0;0.0;0.0;0.0;0.0;0.0;0.0
38;x162l4q3;1;;;;;;;;38;;0.0;;;;;;;;;;;;;0.0;0.0;0.0;0.0;0.0;0.0;0.0;0.0;0.0;0.0;0.0;0.0
39;v885n7i8;1;;;;;;;;39;;0.0;;;;;;;;;;;;;0.0;0.0;0.0;0.0;0.0;0.0;0.0;0.0;0.0;0.0;0.0;0.0
