participant.id_in_session,participant.code,participant.label,participant._is_bot,participant._index_in_pages,participant._max_page_index,participant._current_app_name,participant._current_page_name,participant.time_started_utc,participant.visited,participant.mturk_worker_id,participant.mturk_assignment_id,participant.payoff,participant.prolific_id,participant.prolific_study_id,participant.prolific_session_id,participant.inactive_excluded,participant.inactive_excluded_reason,participant.group_dropped,participant.part1_payoff_eligible,session.code,session.label,session.mturk_HITId,session.mturk_HITGroupId,session.comment,session.is_demo,session.config.name,session.config.participation_fee,session.config.real_world_currency_per_point,session.config.control_questions_max_attempts,session.config.skip_intro_control_questions,session.config.use_test_timers,session.config.completionlink,bargaining_tdl_intro.1.player.id_in_group,bargaining_tdl_intro.1.player.role,bargaining_tdl_intro.1.player.payoff,bargaining_tdl_intro.1.player.prolific_id,bargaining_tdl_intro.1.player.prolific_pid_url,bargaining_tdl_intro.1.player.prolific_study_id,bargaining_tdl_intro.1.player.prolific_session_id,bargaining_tdl_intro.1.player.draft_history_left,bargaining_tdl_intro.1.player.draft_history_right,bargaining_tdl_intro.1.player.signal_left,bargaining_tdl_intro.1.player.signal_right,bargaining_tdl_intro.1.player.first_intention_selected,bargaining_tdl_intro.1.player.example1_earnings_you,bargaining_tdl_intro.1.player.example1_earnings_left,bargaining_tdl_intro.1.player.example1_earnings_right,bargaining_tdl_intro.1.player.example2_earnings_you,bargaining_tdl_intro.1.player.example2_earnings_left,bargaining_tdl_intro.1.player.example2_earnings_right,bargaining_tdl_intro.1.player.example3_earnings_you,bargaining_tdl_intro.1.player.example3_earnings_left,bargaining_tdl_intro.1.player.example3_earnings_right,bargaining_tdl_intro.1.player.time_welcome,bargaining_tdl_intro.1.player.time_instructions_part1,bargaining_tdl_intro.1.player.time_control_questions,bargaining_tdl_intro.1.player.time_goodbye,bargaining_tdl_intro.1.player.time_chat_and_signals,bargaining_tdl_intro.1.player.time_on_page,bargaining_tdl_intro.1.group.id_in_subsession,bargaining_tdl_intro.1.subsession.round_number,bargaining_tdl_main.1.player.id_in_group,bargaining_tdl_main.1.player.role,bargaining_tdl_main.1.player.payoff,bargaining_tdl_main.1.player.player_color,bargaining_tdl_main.1.player.part1_calculated_payoff,bargaining_tdl_main.1.player.signal_left,bargaining_tdl_main.1.player.signal_right,bargaining_tdl_main.1.player.first_intention_selected,bargaining_tdl_main.1.player.time_welcome,bargaining_tdl_main.1.player.time_chat,bargaining_tdl_main.1.player.time_signals,bargaining_tdl_main.1.player.time_chat_and_signals,bargaining_tdl_main.1.player.decision_choice,bargaining_tdl_main.1.player.received_signal_left,bargaining_tdl_main.1.player.received_signal_right,bargaining_tdl_main.1.player.id_player_on_the_left,bargaining_tdl_main.1.player.id_player_on_the_right,bargaining_tdl_main.1.player.time_experiment_terminated,bargaining_tdl_main.1.player.time_decision,bargaining_tdl_main.1.player.time_results,bargaining_tdl_main.1.player.time_on_page,bargaining_tdl_main.1.player.chat_interrupted,bargaining_tdl_main.1.player.participant_left_ts,bargaining_tdl_main.1.player.part1_payoff_eligible,bargaining_tdl_main.1.player.decision_inactive,bargaining_tdl_main.1.player.signal_inactive,bargaining_tdl_main.1.player.received_signal_left_inactive,bargaining_tdl_main.1.player.received_signal_right_inactive,bargaining_tdl_main.1.group.id_in_subsession,bargaining_tdl_main.1.group.grp_coordinate,bargaining_tdl_main.1.group.grp_triadicsplit,bargaining_tdl_main.1.group.selected_part_for_payment,bargaining_tdl_main.1.group.chat_left_p1,bargaining_tdl_main.1.group.chat_left_p2,bargaining_tdl_main.1.group.chat_left_p3,bargaining_tdl_main.1.group.group_dropped,bargaining_tdl_main.1.group.reconnect_deadline_ts,bargaining_tdl_main.1.group.interrupted_player_id,bargaining_tdl_main.1.group.last_ping_p1,bargaining_tdl_main.1.group.last_ping_p2,bargaining_tdl_main.1.group.last_ping_p3,bargaining_tdl_main.1.group.submit_grace_until_p1,bargaining_tdl_main.1.group.submit_grace_until_p2,bargaining_tdl_main.1.group.submit_grace_until_p3,bargaining_tdl_main.1.group.part1_payoff_eligible,bargaining_tdl_main.1.subsession.round_number,bargaining_tdl_part3.1.player.id_in_group,bargaining_tdl_part3.1.player.role,bargaining_tdl_part3.1.player.payoff,bargaining_tdl_part3.1.player.decision,bargaining_tdl_part3.1.player.example1_earnings_you,bargaining_tdl_part3.1.player.example1_earnings_left,bargaining_tdl_part3.1.player.example1_earnings_right,bargaining_tdl_part3.1.player.example2_earnings_you,bargaining_tdl_part3.1.player.example2_earnings_left,bargaining_tdl_part3.1.player.example2_earnings_right,bargaining_tdl_part3.1.player.all_control_questions_correct,bargaining_tdl_part3.1.player.time_instructions_part3,bargaining_tdl_part3.1.player.time_summary_part3,bargaining_tdl_part3.1.player.time_control_questions_part3,bargaining_tdl_part3.1.player.time_thank_you_part3,bargaining_tdl_part3.1.player.time_decision_part3,bargaining_tdl_part3.1.player.time_results_part3,bargaining_tdl_part3.1.player.time_on_page,bargaining_tdl_part3.1.player.selected_part_for_payment,bargaining_tdl_part3.1.group.id_in_subsession,bargaining_tdl_part3.1.subsession.round_number,bargaining_tdl_survey.1.player.id_in_group,bargaining_tdl_survey.1.player.role,bargaining_tdl_survey.1.player.payoff,bargaining_tdl_survey.1.player.gender,bargaining_tdl_survey.1.player.age,bargaining_tdl_survey.1.player.field_of_study,bargaining_tdl_survey.1.player.university_years,bargaining_tdl_survey.1.player.job_status,bargaining_tdl_survey.1.player.willingness_future,bargaining_tdl_survey.1.player.willingness_risk,bargaining_tdl_survey.1.player.reciprocity_positive,bargaining_tdl_survey.1.player.reciprocity_negative,bargaining_tdl_survey.1.player.willingness_donate,bargaining_tdl_survey.1.player.trust_general,bargaining_tdl_survey.1.player.beauty_contest_guess,bargaining_tdl_survey.1.player.time_on_page,bargaining_tdl_survey.1.player.time_survey_intro,bargaining_tdl_survey.1.player.time_survey_questions,bargaining_tdl_survey.1.player.time_survey_scale_intro,bargaining_tdl_survey.1.player.time_survey_page4,bargaining_tdl_survey.1.player.time_survey_page5,bargaining_tdl_survey.1.player.time_survey_page6,bargaining_tdl_survey.1.player.time_survey_page7,bargaining_tdl_survey.1.player.time_survey_page8,bargaining_tdl_survey.1.player.time_survey_page9,bargaining_tdl_survey.1.player.time_survey_page10,bargaining_tdl_survey.1.player.time_final_results,bargaining_tdl_survey.1.group.id_in_subsession,bargaining_tdl_survey.1.subsession.round_number
1,opt0r6qy,,0,32,32,bargaining_tdl_survey,FinalResults,2026-05-19 10:44:08.329046,1,,,0.0,,,,,,0,1,el73t6hp,,,,,0,bargaining_tdl,0.0,1.0,5,0,0,https://app.prolific.com/submissions/complete?cc=C1HQEIID,1,,0.0,,,,,,,,,,6,0,6,4,4,4,0,0,0,2.58,1.7,11.79,0.0,0.0,11.79,1,1,1,,0.0,Red,0.0,split_both,split_both,left,2.58,0.0,2.21,2.21,Left,split_other,split_you,dx0ls2i4,p3wi5j2i,0.0,2.9,3.18,3.18,1,1779187626.7403047,1,0,0,0,0,2,0,0,1,1,1,1,0,1779187716.7403047,1,1779187573.449947,1779187623.212126,1779187618.2246754,0.0,1779187650.589155,1779187647.1247053,1,1,1,,0.0,share_both,,,,,,,0,12.69,0.0,0.0,0.0,12.69,1.21,1.21,-1,1,1,1,,0.0,0,23,Tech,10,employer,6,7,8,7,7,8,2.0,3.89,0.97,10.06,0.83,1.8,0.94,1.22,0.87,1.16,2.38,3.89,0.0,1,1
2,p3wi5j2i,,0,32,32,bargaining_tdl_survey,FinalResults,2026-05-19 10:44:09.133468,1,,,0.0,,,,,,0,1,el73t6hp,,,,,0,bargaining_tdl,0.0,1.0,5,0,0,https://app.prolific.com/submissions/complete?cc=C1HQEIID,2,,0.0,,,,,,,,,,6,0,6,4,4,4,0,0,0,19.69,2.42,10.7,0.0,0.0,10.7,1,1,2,,0.0,Green,0.0,split_you,split_other,left,19.69,115.82,2.8,118.61999999999999,Right,split_both,split_other,opt0r6qy,dx0ls2i4,0.0,8.44,7.07,7.07,1,1779187623.212126,1,0,0,0,0,2,0,0,1,1,1,1,0,1779187716.7403047,1,1779187573.449947,1779187623.212126,1779187618.2246754,0.0,1779187650.589155,1779187647.1247053,1,1,2,,0.0,share_one,,,,,,,0,2.17,0.0,0.0,0.0,2.17,84.97,84.97,-1,1,1,2,,0.0,1,34,fedgfd,18,employee,7,8,9,7,8,9,1.4,4.33,2.69,9.07,1.27,3.27,2.01,1.04,1.16,1.28,1.28,4.33,0.0,1,1
3,dx0ls2i4,,0,32,32,bargaining_tdl_survey,FinalResults,2026-05-19 10:44:09.546058,1,,,0.0,,,,,,0,1,el73t6hp,,,,,0,bargaining_tdl,0.0,1.0,5,0,0,https://app.prolific.com/submissions/complete?cc=C1HQEIID,3,,0.0,,,,,,,,,,6,0,6,4,4,4,0,0,0,38.02,1.81,11.88,0.0,0.0,11.88,1,1,3,,0.0,Blue,0.0,split_other,split_other,left,38.02,111.34,11.13,122.47,Both,split_other,split_both,p3wi5j2i,opt0r6qy,0.0,5.22,4.24,4.24,1,1779187618.1888855,1,0,0,0,0,2,0,0,1,1,1,1,0,1779187716.7403047,1,1779187573.449947,1779187623.212126,1779187618.2246754,0.0,1779187650.589155,1779187647.1247053,1,1,3,,0.0,share_both,,,,,,,0,7.2,0.0,0.0,0.0,7.2,41.49,41.49,-1,1,1,3,,0.0,1,34,ferfge,1,employer,7,7,8,7,7,7,1.1,8.28,0.58,10.21,1.19,1.17,1.46,1.53,1.47,1.57,1.04,8.28,0.0,1,1
4,a8x78sfj,,0,0,32,,,,0,,,0.0,,,,,,,,el73t6hp,,,,,0,bargaining_tdl,0.0,1.0,5,0,0,https://app.prolific.com/submissions/complete?cc=C1HQEIID,4,,0.0,,,,,,,,,,,,,,,,,,,0.0,0.0,0.0,0.0,0.0,0.0,1,1,4,,0.0,,0.0,,,,0.0,0.0,0.0,0.0,,,,,,0.0,0.0,0.0,0.0,0,0.0,1,0,0,0,0,1,0,0,-1,0,0,0,0,0.0,0,0.0,0.0,0.0,0.0,0.0,0.0,1,1,4,,0.0,,,,,,,,0,0.0,0.0,0.0,0.0,0.0,0.0,0.0,-1,1,1,4,,0.0,,,,,,,,,,,,,0.0,0.0,0.0,0.0,0.0,0.0,0.0,0.0,0.0,0.0,0.0,0.0,1,1
5,x5in9q99,,0,0,32,,,,0,,,0.0,,,,,,,,el73t6hp,,,,,0,bargaining_tdl,0.0,1.0,5,0,0,https://app.prolific.com/submissions/complete?cc=C1HQEIID,5,,0.0,,,,,,,,,,,,,,,,,,,0.0,0.0,0.0,0.0,0.0,0.0,1,1,5,,0.0,,0.0,,,,0.0,0.0,0.0,0.0,,,,,,0.0,0.0,0.0,0.0,0,0.0,1,0,0,0,0,1,0,0,-1,0,0,0,0,0.0,0,0.0,0.0,0.0,0.0,0.0,0.0,1,1,5,,0.0,,,,,,,,0,0.0,0.0,0.0,0.0,0.0,0.0,0.0,-1,1,1,5,,0.0,,,,,,,,,,,,,0.0,0.0,0.0,0.0,0.0,0.0,0.0,0.0,0.0,0.0,0.0,0.0,1,1
6,282lzkhr,,0,0,32,,,,0,,,0.0,,,,,,,,el73t6hp,,,,,0,bargaining_tdl,0.0,1.0,5,0,0,https://app.prolific.com/submissions/complete?cc=C1HQEIID,6,,0.0,,,,,,,,,,,,,,,,,,,0.0,0.0,0.0,0.0,0.0,0.0,1,1,6,,0.0,,0.0,,,,0.0,0.0,0.0,0.0,,,,,,0.0,0.0,0.0,0.0,0,0.0,1,0,0,0,0,1,0,0,-1,0,0,0,0,0.0,0,0.0,0.0,0.0,0.0,0.0,0.0,1,1,6,,0.0,,,,,,,,0,0.0,0.0,0.0,0.0,0.0,0.0,0.0,-1,1,1,6,,0.0,,,,,,,,,,,,,0.0,0.0,0.0,0.0,0.0,0.0,0.0,0.0,0.0,0.0,0.0,0.0,1,1
7,xnrj7ri1,,0,0,32,,,,0,,,0.0,,,,,,,,el73t6hp,,,,,0,bargaining_tdl,0.0,1.0,5,0,0,https://app.prolific.com/submissions/complete?cc=C1HQEIID,7,,0.0,,,,,,,,,,,,,,,,,,,0.0,0.0,0.0,0.0,0.0,0.0,1,1,7,,0.0,,0.0,,,,0.0,0.0,0.0,0.0,,,,,,0.0,0.0,0.0,0.0,0,0.0,1,0,0,0,0,1,0,0,-1,0,0,0,0,0.0,0,0.0,0.0,0.0,0.0,0.0,0.0,1,1,7,,0.0,,,,,,,,0,0.0,0.0,0.0,0.0,0.0,0.0,0.0,-1,1,1,7,,0.0,,,,,,,,,,,,,0.0,0.0,0.0,0.0,0.0,0.0,0.0,0.0,0.0,0.0,0.0,0.0,1,1
8,3m6s75pb,,0,0,32,,,,0,,,0.0,,,,,,,,el73t6hp,,,,,0,bargaining_tdl,0.0,1.0,5,0,0,https://app.prolific.com/submissions/complete?cc=C1HQEIID,8,,0.0,,,,,,,,,,,,,,,,,,,0.0,0.0,0.0,0.0,0.0,0.0,1,1,8,,0.0,,0.0,,,,0.0,0.0,0.0,0.0,,,,,,0.0,0.0,0.0,0.0,0,0.0,1,0,0,0,0,1,0,0,-1,0,0,0,0,0.0,0,0.0,0.0,0.0,0.0,0.0,0.0,1,1,8,,0.0,,,,,,,,0,0.0,0.0,0.0,0.0,0.0,0.0,0.0,-1,1,1,8,,0.0,,,,,,,,,,,,,0.0,0.0,0.0,0.0,0.0,0.0,0.0,0.0,0.0,0.0,0.0,0.0,1,1
9,05m7abc3,,0,0,32,,,,0,,,0.0,,,,,,,,el73t6hp,,,,,0,bargaining_tdl,0.0,1.0,5,0,0,https://app.prolific.com/submissions/complete?cc=C1HQEIID,9,,0.0,,,,,,,,,,,,,,,,,,,0.0,0.0,0.0,0.0,0.0,0.0,1,1,9,,0.0,,0.0,,,,0.0,0.0,0.0,0.0,,,,,,0.0,0.0,0.0,0.0,0,0.0,1,0,0,0,0,1,0,0,-1,0,0,0,0,0.0,0,0.0,0.0,0.0,0.0,0.0,0.0,1,1,9,,0.0,,,,,,,,0,0.0,0.0,0.0,0.0,0.0,0.0,0.0,-1,1,1,9,,0.0,,,,,,,,,,,,,0.0,0.0,0.0,0.0,0.0,0.0,0.0,0.0,0.0,0.0,0.0,0.0,1,1
10,1sskmhno,,0,0,32,,,,0,,,0.0,,,,,,,,el73t6hp,,,,,0,bargaining_tdl,0.0,1.0,5,0,0,https://app.prolific.com/submissions/complete?cc=C1HQEIID,10,,0.0,,,,,,,,,,,,,,,,,,,0.0,0.0,0.0,0.0,0.0,0.0,1,1,10,,0.0,,0.0,,,,0.0,0.0,0.0,0.0,,,,,,0.0,0.0,0.0,0.0,0,0.0,1,0,0,0,0,1,0,0,-1,0,0,0,0,0.0,0,0.0,0.0,0.0,0.0,0.0,0.0,1,1,10,,0.0,,,,,,,,0,0.0,0.0,0.0,0.0,0.0,0.0,0.0,-1,1,1,10,,0.0,,,,,,,,,,,,,0.0,0.0,0.0,0.0,0.0,0.0,0.0,0.0,0.0,0.0,0.0,0.0,1,1
11,l230tqst,,0,0,32,,,,0,,,0.0,,,,,,,,el73t6hp,,,,,0,bargaining_tdl,0.0,1.0,5,0,0,https://app.prolific.com/submissions/complete?cc=C1HQEIID,11,,0.0,,,,,,,,,,,,,,,,,,,0.0,0.0,0.0,0.0,0.0,0.0,1,1,11,,0.0,,0.0,,,,0.0,0.0,0.0,0.0,,,,,,0.0,0.0,0.0,0.0,0,0.0,1,0,0,0,0,1,0,0,-1,0,0,0,0,0.0,0,0.0,0.0,0.0,0.0,0.0,0.0,1,1,11,,0.0,,,,,,,,0,0.0,0.0,0.0,0.0,0.0,0.0,0.0,-1,1,1,11,,0.0,,,,,,,,,,,,,0.0,0.0,0.0,0.0,0.0,0.0,0.0,0.0,0.0,0.0,0.0,0.0,1,1
12,g79ntp6i,,0,0,32,,,,0,,,0.0,,,,,,,,el73t6hp,,,,,0,bargaining_tdl,0.0,1.0,5,0,0,https://app.prolific.com/submissions/complete?cc=C1HQEIID,12,,0.0,,,,,,,,,,,,,,,,,,,0.0,0.0,0.0,0.0,0.0,0.0,1,1,12,,0.0,,0.0,,,,0.0,0.0,0.0,0.0,,,,,,0.0,0.0,0.0,0.0,0,0.0,1,0,0,0,0,1,0,0,-1,0,0,0,0,0.0,0,0.0,0.0,0.0,0.0,0.0,0.0,1,1,12,,0.0,,,,,,,,0,0.0,0.0,0.0,0.0,0.0,0.0,0.0,-1,1,1,12,,0.0,,,,,,,,,,,,,0.0,0.0,0.0,0.0,0.0,0.0,0.0,0.0,0.0,0.0,0.0,0.0,1,1
13,skkusurt,,0,0,32,,,,0,,,0.0,,,,,,,,el73t6hp,,,,,0,bargaining_tdl,0.0,1.0,5,0,0,https://app.prolific.com/submissions/complete?cc=C1HQEIID,13,,0.0,,,,,,,,,,,,,,,,,,,0.0,0.0,0.0,0.0,0.0,0.0,1,1,13,,0.0,,0.0,,,,0.0,0.0,0.0,0.0,,,,,,0.0,0.0,0.0,0.0,0,0.0,1,0,0,0,0,1,0,0,-1,0,0,0,0,0.0,0,0.0,0.0,0.0,0.0,0.0,0.0,1,1,13,,0.0,,,,,,,,0,0.0,0.0,0.0,0.0,0.0,0.0,0.0,-1,1,1,13,,0.0,,,,,,,,,,,,,0.0,0.0,0.0,0.0,0.0,0.0,0.0,0.0,0.0,0.0,0.0,0.0,1,1
14,ed8cj1uq,,0,0,32,,,,0,,,0.0,,,,,,,,el73t6hp,,,,,0,bargaining_tdl,0.0,1.0,5,0,0,https://app.prolific.com/submissions/complete?cc=C1HQEIID,14,,0.0,,,,,,,,,,,,,,,,,,,0.0,0.0,0.0,0.0,0.0,0.0,1,1,14,,0.0,,0.0,,,,0.0,0.0,0.0,0.0,,,,,,0.0,0.0,0.0,0.0,0,0.0,1,0,0,0,0,1,0,0,-1,0,0,0,0,0.0,0,0.0,0.0,0.0,0.0,0.0,0.0,1,1,14,,0.0,,,,,,,,0,0.0,0.0,0.0,0.0,0.0,0.0,0.0,-1,1,1,14,,0.0,,,,,,,,,,,,,0.0,0.0,0.0,0.0,0.0,0.0,0.0,0.0,0.0,0.0,0.0,0.0,1,1
15,wx99t99z,,0,0,32,,,,0,,,0.0,,,,,,,,el73t6hp,,,,,0,bargaining_tdl,0.0,1.0,5,0,0,https://app.prolific.com/submissions/complete?cc=C1HQEIID,15,,0.0,,,,,,,,,,,,,,,,,,,0.0,0.0,0.0,0.0,0.0,0.0,1,1,15,,0.0,,0.0,,,,0.0,0.0,0.0,0.0,,,,,,0.0,0.0,0.0,0.0,0,0.0,1,0,0,0,0,1,0,0,-1,0,0,0,0,0.0,0,0.0,0.0,0.0,0.0,0.0,0.0,1,1,15,,0.0,,,,,,,,0,0.0,0.0,0.0,0.0,0.0,0.0,0.0,-1,1,1,15,,0.0,,,,,,,,,,,,,0.0,0.0,0.0,0.0,0.0,0.0,0.0,0.0,0.0,0.0,0.0,0.0,1,1
16,5s01m5b6,,0,0,32,,,,0,,,0.0,,,,,,,,el73t6hp,,,,,0,bargaining_tdl,0.0,1.0,5,0,0,https://app.prolific.com/submissions/complete?cc=C1HQEIID,16,,0.0,,,,,,,,,,,,,,,,,,,0.0,0.0,0.0,0.0,0.0,0.0,1,1,16,,0.0,,0.0,,,,0.0,0.0,0.0,0.0,,,,,,0.0,0.0,0.0,0.0,0,0.0,1,0,0,0,0,1,0,0,-1,0,0,0,0,0.0,0,0.0,0.0,0.0,0.0,0.0,0.0,1,1,16,,0.0,,,,,,,,0,0.0,0.0,0.0,0.0,0.0,0.0,0.0,-1,1,1,16,,0.0,,,,,,,,,,,,,0.0,0.0,0.0,0.0,0.0,0.0,0.0,0.0,0.0,0.0,0.0,0.0,1,1
17,0oc8cog0,,0,0,32,,,,0,,,0.0,,,,,,,,el73t6hp,,,,,0,bargaining_tdl,0.0,1.0,5,0,0,https://app.prolific.com/submissions/complete?cc=C1HQEIID,17,,0.0,,,,,,,,,,,,,,,,,,,0.0,0.0,0.0,0.0,0.0,0.0,1,1,17,,0.0,,0.0,,,,0.0,0.0,0.0,0.0,,,,,,0.0,0.0,0.0,0.0,0,0.0,1,0,0,0,0,1,0,0,-1,0,0,0,0,0.0,0,0.0,0.0,0.0,0.0,0.0,0.0,1,1,17,,0.0,,,,,,,,0,0.0,0.0,0.0,0.0,0.0,0.0,0.0,-1,1,1,17,,0.0,,,,,,,,,,,,,0.0,0.0,0.0,0.0,0.0,0.0,0.0,0.0,0.0,0.0,0.0,0.0,1,1
18,6yal9yc0,,0,0,32,,,,0,,,0.0,,,,,,,,el73t6hp,,,,,0,bargaining_tdl,0.0,1.0,5,0,0,https://app.prolific.com/submissions/complete?cc=C1HQEIID,18,,0.0,,,,,,,,,,,,,,,,,,,0.0,0.0,0.0,0.0,0.0,0.0,1,1,18,,0.0,,0.0,,,,0.0,0.0,0.0,0.0,,,,,,0.0,0.0,0.0,0.0,0,0.0,1,0,0,0,0,1,0,0,-1,0,0,0,0,0.0,0,0.0,0.0,0.0,0.0,0.0,0.0,1,1,18,,0.0,,,,,,,,0,0.0,0.0,0.0,0.0,0.0,0.0,0.0,-1,1,1,18,,0.0,,,,,,,,,,,,,0.0,0.0,0.0,0.0,0.0,0.0,0.0,0.0,0.0,0.0,0.0,0.0,1,1
19,w2p7bj1s,,0,0,32,,,,0,,,0.0,,,,,,,,el73t6hp,,,,,0,bargaining_tdl,0.0,1.0,5,0,0,https://app.prolific.com/submissions/complete?cc=C1HQEIID,19,,0.0,,,,,,,,,,,,,,,,,,,0.0,0.0,0.0,0.0,0.0,0.0,1,1,19,,0.0,,0.0,,,,0.0,0.0,0.0,0.0,,,,,,0.0,0.0,0.0,0.0,0,0.0,1,0,0,0,0,1,0,0,-1,0,0,0,0,0.0,0,0.0,0.0,0.0,0.0,0.0,0.0,1,1,19,,0.0,,,,,,,,0,0.0,0.0,0.0,0.0,0.0,0.0,0.0,-1,1,1,19,,0.0,,,,,,,,,,,,,0.0,0.0,0.0,0.0,0.0,0.0,0.0,0.0,0.0,0.0,0.0,0.0,1,1
20,xp9p3lh5,,0,0,32,,,,0,,,0.0,,,,,,,,el73t6hp,,,,,0,bargaining_tdl,0.0,1.0,5,0,0,https://app.prolific.com/submissions/complete?cc=C1HQEIID,20,,0.0,,,,,,,,,,,,,,,,,,,0.0,0.0,0.0,0.0,0.0,0.0,1,1,20,,0.0,,0.0,,,,0.0,0.0,0.0,0.0,,,,,,0.0,0.0,0.0,0.0,0,0.0,1,0,0,0,0,1,0,0,-1,0,0,0,0,0.0,0,0.0,0.0,0.0,0.0,0.0,0.0,1,1,20,,0.0,,,,,,,,0,0.0,0.0,0.0,0.0,0.0,0.0,0.0,-1,1,1,20,,0.0,,,,,,,,,,,,,0.0,0.0,0.0,0.0,0.0,0.0,0.0,0.0,0.0,0.0,0.0,0.0,1,1
21,pcya5czp,,0,0,32,,,,0,,,0.0,,,,,,,,el73t6hp,,,,,0,bargaining_tdl,0.0,1.0,5,0,0,https://app.prolific.com/submissions/complete?cc=C1HQEIID,21,,0.0,,,,,,,,,,,,,,,,,,,0.0,0.0,0.0,0.0,0.0,0.0,1,1,21,,0.0,,0.0,,,,0.0,0.0,0.0,0.0,,,,,,0.0,0.0,0.0,0.0,0,0.0,1,0,0,0,0,1,0,0,-1,0,0,0,0,0.0,0,0.0,0.0,0.0,0.0,0.0,0.0,1,1,21,,0.0,,,,,,,,0,0.0,0.0,0.0,0.0,0.0,0.0,0.0,-1,1,1,21,,0.0,,,,,,,,,,,,,0.0,0.0,0.0,0.0,0.0,0.0,0.0,0.0,0.0,0.0,0.0,0.0,1,1
1,9sohi2eg,,0,0,32,,,,0,,,0.0,,,,,,,,ocnkhj5c,,,,,0,bargaining_tdl,0.0,1.0,5,0,0,https://app.prolific.com/submissions/complete?cc=C1HQEIID,1,,0.0,,,,,,,,,,,,,,,,,,,0.0,0.0,0.0,0.0,0.0,0.0,1,1,1,,0.0,,0.0,,,,0.0,0.0,0.0,0.0,,,,,,0.0,0.0,0.0,0.0,0,0.0,1,0,0,0,0,1,0,0,-1,0,0,0,0,0.0,0,0.0,0.0,0.0,0.0,0.0,0.0,1,1,1,,0.0,,,,,,,,0,0.0,0.0,0.0,0.0,0.0,0.0,0.0,-1,1,1,1,,0.0,,,,,,,,,,,,,0.0,0.0,0.0,0.0,0.0,0.0,0.0,0.0,0.0,0.0,0.0,0.0,1,1
2,kbzsf2k1,,0,0,32,,,,0,,,0.0,,,,,,,,ocnkhj5c,,,,,0,bargaining_tdl,0.0,1.0,5,0,0,https://app.prolific.com/submissions/complete?cc=C1HQEIID,2,,0.0,,,,,,,,,,,,,,,,,,,0.0,0.0,0.0,0.0,0.0,0.0,1,1,2,,0.0,,0.0,,,,0.0,0.0,0.0,0.0,,,,,,0.0,0.0,0.0,0.0,0,0.0,1,0,0,0,0,1,0,0,-1,0,0,0,0,0.0,0,0.0,0.0,0.0,0.0,0.0,0.0,1,1,2,,0.0,,,,,,,,0,0.0,0.0,0.0,0.0,0.0,0.0,0.0,-1,1,1,2,,0.0,,,,,,,,,,,,,0.0,0.0,0.0,0.0,0.0,0.0,0.0,0.0,0.0,0.0,0.0,0.0,1,1
3,qi1pt07x,,0,0,32,,,,0,,,0.0,,,,,,,,ocnkhj5c,,,,,0,bargaining_tdl,0.0,1.0,5,0,0,https://app.prolific.com/submissions/complete?cc=C1HQEIID,3,,0.0,,,,,,,,,,,,,,,,,,,0.0,0.0,0.0,0.0,0.0,0.0,1,1,3,,0.0,,0.0,,,,0.0,0.0,0.0,0.0,,,,,,0.0,0.0,0.0,0.0,0,0.0,1,0,0,0,0,1,0,0,-1,0,0,0,0,0.0,0,0.0,0.0,0.0,0.0,0.0,0.0,1,1,3,,0.0,,,,,,,,0,0.0,0.0,0.0,0.0,0.0,0.0,0.0,-1,1,1,3,,0.0,,,,,,,,,,,,,0.0,0.0,0.0,0.0,0.0,0.0,0.0,0.0,0.0,0.0,0.0,0.0,1,1
4,2h0fz66r,,0,0,32,,,,0,,,0.0,,,,,,,,ocnkhj5c,,,,,0,bargaining_tdl,0.0,1.0,5,0,0,https://app.prolific.com/submissions/complete?cc=C1HQEIID,4,,0.0,,,,,,,,,,,,,,,,,,,0.0,0.0,0.0,0.0,0.0,0.0,1,1,4,,0.0,,0.0,,,,0.0,0.0,0.0,0.0,,,,,,0.0,0.0,0.0,0.0,0,0.0,1,0,0,0,0,1,0,0,-1,0,0,0,0,0.0,0,0.0,0.0,0.0,0.0,0.0,0.0,1,1,4,,0.0,,,,,,,,0,0.0,0.0,0.0,0.0,0.0,0.0,0.0,-1,1,1,4,,0.0,,,,,,,,,,,,,0.0,0.0,0.0,0.0,0.0,0.0,0.0,0.0,0.0,0.0,0.0,0.0,1,1
5,5qh9cg1p,,0,0,32,,,,0,,,0.0,,,,,,,,ocnkhj5c,,,,,0,bargaining_tdl,0.0,1.0,5,0,0,https://app.prolific.com/submissions/complete?cc=C1HQEIID,5,,0.0,,,,,,,,,,,,,,,,,,,0.0,0.0,0.0,0.0,0.0,0.0,1,1,5,,0.0,,0.0,,,,0.0,0.0,0.0,0.0,,,,,,0.0,0.0,0.0,0.0,0,0.0,1,0,0,0,0,1,0,0,-1,0,0,0,0,0.0,0,0.0,0.0,0.0,0.0,0.0,0.0,1,1,5,,0.0,,,,,,,,0,0.0,0.0,0.0,0.0,0.0,0.0,0.0,-1,1,1,5,,0.0,,,,,,,,,,,,,0.0,0.0,0.0,0.0,0.0,0.0,0.0,0.0,0.0,0.0,0.0,0.0,1,1
6,t1ulyd1w,,0,0,32,,,,0,,,0.0,,,,,,,,ocnkhj5c,,,,,0,bargaining_tdl,0.0,1.0,5,0,0,https://app.prolific.com/submissions/complete?cc=C1HQEIID,6,,0.0,,,,,,,,,,,,,,,,,,,0.0,0.0,0.0,0.0,0.0,0.0,1,1,6,,0.0,,0.0,,,,0.0,0.0,0.0,0.0,,,,,,0.0,0.0,0.0,0.0,0,0.0,1,0,0,0,0,1,0,0,-1,0,0,0,0,0.0,0,0.0,0.0,0.0,0.0,0.0,0.0,1,1,6,,0.0,,,,,,,,0,0.0,0.0,0.0,0.0,0.0,0.0,0.0,-1,1,1,6,,0.0,,,,,,,,,,,,,0.0,0.0,0.0,0.0,0.0,0.0,0.0,0.0,0.0,0.0,0.0,0.0,1,1
7,daeaz4eg,,0,0,32,,,,0,,,0.0,,,,,,,,ocnkhj5c,,,,,0,bargaining_tdl,0.0,1.0,5,0,0,https://app.prolific.com/submissions/complete?cc=C1HQEIID,7,,0.0,,,,,,,,,,,,,,,,,,,0.0,0.0,0.0,0.0,0.0,0.0,1,1,7,,0.0,,0.0,,,,0.0,0.0,0.0,0.0,,,,,,0.0,0.0,0.0,0.0,0,0.0,1,0,0,0,0,1,0,0,-1,0,0,0,0,0.0,0,0.0,0.0,0.0,0.0,0.0,0.0,1,1,7,,0.0,,,,,,,,0,0.0,0.0,0.0,0.0,0.0,0.0,0.0,-1,1,1,7,,0.0,,,,,,,,,,,,,0.0,0.0,0.0,0.0,0.0,0.0,0.0,0.0,0.0,0.0,0.0,0.0,1,1
8,kuujoj6d,,0,0,32,,,,0,,,0.0,,,,,,,,ocnkhj5c,,,,,0,bargaining_tdl,0.0,1.0,5,0,0,https://app.prolific.com/submissions/complete?cc=C1HQEIID,8,,0.0,,,,,,,,,,,,,,,,,,,0.0,0.0,0.0,0.0,0.0,0.0,1,1,8,,0.0,,0.0,,,,0.0,0.0,0.0,0.0,,,,,,0.0,0.0,0.0,0.0,0,0.0,1,0,0,0,0,1,0,0,-1,0,0,0,0,0.0,0,0.0,0.0,0.0,0.0,0.0,0.0,1,1,8,,0.0,,,,,,,,0,0.0,0.0,0.0,0.0,0.0,0.0,0.0,-1,1,1,8,,0.0,,,,,,,,,,,,,0.0,0.0,0.0,0.0,0.0,0.0,0.0,0.0,0.0,0.0,0.0,0.0,1,1
9,5ntkq24t,,0,0,32,,,,0,,,0.0,,,,,,,,ocnkhj5c,,,,,0,bargaining_tdl,0.0,1.0,5,0,0,https://app.prolific.com/submissions/complete?cc=C1HQEIID,9,,0.0,,,,,,,,,,,,,,,,,,,0.0,0.0,0.0,0.0,0.0,0.0,1,1,9,,0.0,,0.0,,,,0.0,0.0,0.0,0.0,,,,,,0.0,0.0,0.0,0.0,0,0.0,1,0,0,0,0,1,0,0,-1,0,0,0,0,0.0,0,0.0,0.0,0.0,0.0,0.0,0.0,1,1,9,,0.0,,,,,,,,0,0.0,0.0,0.0,0.0,0.0,0.0,0.0,-1,1,1,9,,0.0,,,,,,,,,,,,,0.0,0.0,0.0,0.0,0.0,0.0,0.0,0.0,0.0,0.0,0.0,0.0,1,1
10,mbc7ot6v,,0,0,32,,,,0,,,0.0,,,,,,,,ocnkhj5c,,,,,0,bargaining_tdl,0.0,1.0,5,0,0,https://app.prolific.com/submissions/complete?cc=C1HQEIID,10,,0.0,,,,,,,,,,,,,,,,,,,0.0,0.0,0.0,0.0,0.0,0.0,1,1,10,,0.0,,0.0,,,,0.0,0.0,0.0,0.0,,,,,,0.0,0.0,0.0,0.0,0,0.0,1,0,0,0,0,1,0,0,-1,0,0,0,0,0.0,0,0.0,0.0,0.0,0.0,0.0,0.0,1,1,10,,0.0,,,,,,,,0,0.0,0.0,0.0,0.0,0.0,0.0,0.0,-1,1,1,10,,0.0,,,,,,,,,,,,,0.0,0.0,0.0,0.0,0.0,0.0,0.0,0.0,0.0,0.0,0.0,0.0,1,1
11,qe1citqn,,0,0,32,,,,0,,,0.0,,,,,,,,ocnkhj5c,,,,,0,bargaining_tdl,0.0,1.0,5,0,0,https://app.prolific.com/submissions/complete?cc=C1HQEIID,11,,0.0,,,,,,,,,,,,,,,,,,,0.0,0.0,0.0,0.0,0.0,0.0,1,1,11,,0.0,,0.0,,,,0.0,0.0,0.0,0.0,,,,,,0.0,0.0,0.0,0.0,0,0.0,1,0,0,0,0,1,0,0,-1,0,0,0,0,0.0,0,0.0,0.0,0.0,0.0,0.0,0.0,1,1,11,,0.0,,,,,,,,0,0.0,0.0,0.0,0.0,0.0,0.0,0.0,-1,1,1,11,,0.0,,,,,,,,,,,,,0.0,0.0,0.0,0.0,0.0,0.0,0.0,0.0,0.0,0.0,0.0,0.0,1,1
12,wacezlku,,0,0,32,,,,0,,,0.0,,,,,,,,ocnkhj5c,,,,,0,bargaining_tdl,0.0,1.0,5,0,0,https://app.prolific.com/submissions/complete?cc=C1HQEIID,12,,0.0,,,,,,,,,,,,,,,,,,,0.0,0.0,0.0,0.0,0.0,0.0,1,1,12,,0.0,,0.0,,,,0.0,0.0,0.0,0.0,,,,,,0.0,0.0,0.0,0.0,0,0.0,1,0,0,0,0,1,0,0,-1,0,0,0,0,0.0,0,0.0,0.0,0.0,0.0,0.0,0.0,1,1,12,,0.0,,,,,,,,0,0.0,0.0,0.0,0.0,0.0,0.0,0.0,-1,1,1,12,,0.0,,,,,,,,,,,,,0.0,0.0,0.0,0.0,0.0,0.0,0.0,0.0,0.0,0.0,0.0,0.0,1,1
13,gaf8naih,,0,0,32,,,,0,,,0.0,,,,,,,,ocnkhj5c,,,,,0,bargaining_tdl,0.0,1.0,5,0,0,https://app.prolific.com/submissions/complete?cc=C1HQEIID,13,,0.0,,,,,,,,,,,,,,,,,,,0.0,0.0,0.0,0.0,0.0,0.0,1,1,13,,0.0,,0.0,,,,0.0,0.0,0.0,0.0,,,,,,0.0,0.0,0.0,0.0,0,0.0,1,0,0,0,0,1,0,0,-1,0,0,0,0,0.0,0,0.0,0.0,0.0,0.0,0.0,0.0,1,1,13,,0.0,,,,,,,,0,0.0,0.0,0.0,0.0,0.0,0.0,0.0,-1,1,1,13,,0.0,,,,,,,,,,,,,0.0,0.0,0.0,0.0,0.0,0.0,0.0,0.0,0.0,0.0,0.0,0.0,1,1
14,3fh11q6y,,0,0,32,,,,0,,,0.0,,,,,,,,ocnkhj5c,,,,,0,bargaining_tdl,0.0,1.0,5,0,0,https://app.prolific.com/submissions/complete?cc=C1HQEIID,14,,0.0,,,,,,,,,,,,,,,,,,,0.0,0.0,0.0,0.0,0.0,0.0,1,1,14,,0.0,,0.0,,,,0.0,0.0,0.0,0.0,,,,,,0.0,0.0,0.0,0.0,0,0.0,1,0,0,0,0,1,0,0,-1,0,0,0,0,0.0,0,0.0,0.0,0.0,0.0,0.0,0.0,1,1,14,,0.0,,,,,,,,0,0.0,0.0,0.0,0.0,0.0,0.0,0.0,-1,1,1,14,,0.0,,,,,,,,,,,,,0.0,0.0,0.0,0.0,0.0,0.0,0.0,0.0,0.0,0.0,0.0,0.0,1,1
15,2wsnxlo0,,0,0,32,,,,0,,,0.0,,,,,,,,ocnkhj5c,,,,,0,bargaining_tdl,0.0,1.0,5,0,0,https://app.prolific.com/submissions/complete?cc=C1HQEIID,15,,0.0,,,,,,,,,,,,,,,,,,,0.0,0.0,0.0,0.0,0.0,0.0,1,1,15,,0.0,,0.0,,,,0.0,0.0,0.0,0.0,,,,,,0.0,0.0,0.0,0.0,0,0.0,1,0,0,0,0,1,0,0,-1,0,0,0,0,0.0,0,0.0,0.0,0.0,0.0,0.0,0.0,1,1,15,,0.0,,,,,,,,0,0.0,0.0,0.0,0.0,0.0,0.0,0.0,-1,1,1,15,,0.0,,,,,,,,,,,,,0.0,0.0,0.0,0.0,0.0,0.0,0.0,0.0,0.0,0.0,0.0,0.0,1,1
16,qrfr11bn,,0,0,32,,,,0,,,0.0,,,,,,,,ocnkhj5c,,,,,0,bargaining_tdl,0.0,1.0,5,0,0,https://app.prolific.com/submissions/complete?cc=C1HQEIID,16,,0.0,,,,,,,,,,,,,,,,,,,0.0,0.0,0.0,0.0,0.0,0.0,1,1,16,,0.0,,0.0,,,,0.0,0.0,0.0,0.0,,,,,,0.0,0.0,0.0,0.0,0,0.0,1,0,0,0,0,1,0,0,-1,0,0,0,0,0.0,0,0.0,0.0,0.0,0.0,0.0,0.0,1,1,16,,0.0,,,,,,,,0,0.0,0.0,0.0,0.0,0.0,0.0,0.0,-1,1,1,16,,0.0,,,,,,,,,,,,,0.0,0.0,0.0,0.0,0.0,0.0,0.0,0.0,0.0,0.0,0.0,0.0,1,1
17,uf1kjrqr,,0,0,32,,,,0,,,0.0,,,,,,,,ocnkhj5c,,,,,0,bargaining_tdl,0.0,1.0,5,0,0,https://app.prolific.com/submissions/complete?cc=C1HQEIID,17,,0.0,,,,,,,,,,,,,,,,,,,0.0,0.0,0.0,0.0,0.0,0.0,1,1,17,,0.0,,0.0,,,,0.0,0.0,0.0,0.0,,,,,,0.0,0.0,0.0,0.0,0,0.0,1,0,0,0,0,1,0,0,-1,0,0,0,0,0.0,0,0.0,0.0,0.0,0.0,0.0,0.0,1,1,17,,0.0,,,,,,,,0,0.0,0.0,0.0,0.0,0.0,0.0,0.0,-1,1,1,17,,0.0,,,,,,,,,,,,,0.0,0.0,0.0,0.0,0.0,0.0,0.0,0.0,0.0,0.0,0.0,0.0,1,1
18,h2wufzqo,,0,0,32,,,,0,,,0.0,,,,,,,,ocnkhj5c,,,,,0,bargaining_tdl,0.0,1.0,5,0,0,https://app.prolific.com/submissions/complete?cc=C1HQEIID,18,,0.0,,,,,,,,,,,,,,,,,,,0.0,0.0,0.0,0.0,0.0,0.0,1,1,18,,0.0,,0.0,,,,0.0,0.0,0.0,0.0,,,,,,0.0,0.0,0.0,0.0,0,0.0,1,0,0,0,0,1,0,0,-1,0,0,0,0,0.0,0,0.0,0.0,0.0,0.0,0.0,0.0,1,1,18,,0.0,,,,,,,,0,0.0,0.0,0.0,0.0,0.0,0.0,0.0,-1,1,1,18,,0.0,,,,,,,,,,,,,0.0,0.0,0.0,0.0,0.0,0.0,0.0,0.0,0.0,0.0,0.0,0.0,1,1
19,alqq2xhw,,0,0,32,,,,0,,,0.0,,,,,,,,ocnkhj5c,,,,,0,bargaining_tdl,0.0,1.0,5,0,0,https://app.prolific.com/submissions/complete?cc=C1HQEIID,19,,0.0,,,,,,,,,,,,,,,,,,,0.0,0.0,0.0,0.0,0.0,0.0,1,1,19,,0.0,,0.0,,,,0.0,0.0,0.0,0.0,,,,,,0.0,0.0,0.0,0.0,0,0.0,1,0,0,0,0,1,0,0,-1,0,0,0,0,0.0,0,0.0,0.0,0.0,0.0,0.0,0.0,1,1,19,,0.0,,,,,,,,0,0.0,0.0,0.0,0.0,0.0,0.0,0.0,-1,1,1,19,,0.0,,,,,,,,,,,,,0.0,0.0,0.0,0.0,0.0,0.0,0.0,0.0,0.0,0.0,0.0,0.0,1,1
20,zn5qtfxy,,0,0,32,,,,0,,,0.0,,,,,,,,ocnkhj5c,,,,,0,bargaining_tdl,0.0,1.0,5,0,0,https://app.prolific.com/submissions/complete?cc=C1HQEIID,20,,0.0,,,,,,,,,,,,,,,,,,,0.0,0.0,0.0,0.0,0.0,0.0,1,1,20,,0.0,,0.0,,,,0.0,0.0,0.0,0.0,,,,,,0.0,0.0,0.0,0.0,0,0.0,1,0,0,0,0,1,0,0,-1,0,0,0,0,0.0,0,0.0,0.0,0.0,0.0,0.0,0.0,1,1,20,,0.0,,,,,,,,0,0.0,0.0,0.0,0.0,0.0,0.0,0.0,-1,1,1,20,,0.0,,,,,,,,,,,,,0.0,0.0,0.0,0.0,0.0,0.0,0.0,0.0,0.0,0.0,0.0,0.0,1,1
21,l49r56go,,0,0,32,,,,0,,,0.0,,,,,,,,ocnkhj5c,,,,,0,bargaining_tdl,0.0,1.0,5,0,0,https://app.prolific.com/submissions/complete?cc=C1HQEIID,21,,0.0,,,,,,,,,,,,,,,,,,,0.0,0.0,0.0,0.0,0.0,0.0,1,1,21,,0.0,,0.0,,,,0.0,0.0,0.0,0.0,,,,,,0.0,0.0,0.0,0.0,0,0.0,1,0,0,0,0,1,0,0,-1,0,0,0,0,0.0,0,0.0,0.0,0.0,0.0,0.0,0.0,1,1,21,,0.0,,,,,,,,0,0.0,0.0,0.0,0.0,0.0,0.0,0.0,-1,1,1,21,,0.0,,,,,,,,,,,,,0.0,0.0,0.0,0.0,0.0,0.0,0.0,0.0,0.0,0.0,0.0,0.0,1,1
22,wkgr97qg,,0,0,32,,,,0,,,0.0,,,,,,,,ocnkhj5c,,,,,0,bargaining_tdl,0.0,1.0,5,0,0,https://app.prolific.com/submissions/complete?cc=C1HQEIID,22,,0.0,,,,,,,,,,,,,,,,,,,0.0,0.0,0.0,0.0,0.0,0.0,1,1,22,,0.0,,0.0,,,,0.0,0.0,0.0,0.0,,,,,,0.0,0.0,0.0,0.0,0,0.0,1,0,0,0,0,1,0,0,-1,0,0,0,0,0.0,0,0.0,0.0,0.0,0.0,0.0,0.0,1,1,22,,0.0,,,,,,,,0,0.0,0.0,0.0,0.0,0.0,0.0,0.0,-1,1,1,22,,0.0,,,,,,,,,,,,,0.0,0.0,0.0,0.0,0.0,0.0,0.0,0.0,0.0,0.0,0.0,0.0,1,1
23,abofwlxe,,0,0,32,,,,0,,,0.0,,,,,,,,ocnkhj5c,,,,,0,bargaining_tdl,0.0,1.0,5,0,0,https://app.prolific.com/submissions/complete?cc=C1HQEIID,23,,0.0,,,,,,,,,,,,,,,,,,,0.0,0.0,0.0,0.0,0.0,0.0,1,1,23,,0.0,,0.0,,,,0.0,0.0,0.0,0.0,,,,,,0.0,0.0,0.0,0.0,0,0.0,1,0,0,0,0,1,0,0,-1,0,0,0,0,0.0,0,0.0,0.0,0.0,0.0,0.0,0.0,1,1,23,,0.0,,,,,,,,0,0.0,0.0,0.0,0.0,0.0,0.0,0.0,-1,1,1,23,,0.0,,,,,,,,,,,,,0.0,0.0,0.0,0.0,0.0,0.0,0.0,0.0,0.0,0.0,0.0,0.0,1,1
24,v2wn0q7o,,0,0,32,,,,0,,,0.0,,,,,,,,ocnkhj5c,,,,,0,bargaining_tdl,0.0,1.0,5,0,0,https://app.prolific.com/submissions/complete?cc=C1HQEIID,24,,0.0,,,,,,,,,,,,,,,,,,,0.0,0.0,0.0,0.0,0.0,0.0,1,1,24,,0.0,,0.0,,,,0.0,0.0,0.0,0.0,,,,,,0.0,0.0,0.0,0.0,0,0.0,1,0,0,0,0,1,0,0,-1,0,0,0,0,0.0,0,0.0,0.0,0.0,0.0,0.0,0.0,1,1,24,,0.0,,,,,,,,0,0.0,0.0,0.0,0.0,0.0,0.0,0.0,-1,1,1,24,,0.0,,,,,,,,,,,,,0.0,0.0,0.0,0.0,0.0,0.0,0.0,0.0,0.0,0.0,0.0,0.0,1,1
25,bndvjav0,,0,0,32,,,,0,,,0.0,,,,,,,,ocnkhj5c,,,,,0,bargaining_tdl,0.0,1.0,5,0,0,https://app.prolific.com/submissions/complete?cc=C1HQEIID,25,,0.0,,,,,,,,,,,,,,,,,,,0.0,0.0,0.0,0.0,0.0,0.0,1,1,25,,0.0,,0.0,,,,0.0,0.0,0.0,0.0,,,,,,0.0,0.0,0.0,0.0,0,0.0,1,0,0,0,0,1,0,0,-1,0,0,0,0,0.0,0,0.0,0.0,0.0,0.0,0.0,0.0,1,1,25,,0.0,,,,,,,,0,0.0,0.0,0.0,0.0,0.0,0.0,0.0,-1,1,1,25,,0.0,,,,,,,,,,,,,0.0,0.0,0.0,0.0,0.0,0.0,0.0,0.0,0.0,0.0,0.0,0.0,1,1
26,0zaz0aax,,0,0,32,,,,0,,,0.0,,,,,,,,ocnkhj5c,,,,,0,bargaining_tdl,0.0,1.0,5,0,0,https://app.prolific.com/submissions/complete?cc=C1HQEIID,26,,0.0,,,,,,,,,,,,,,,,,,,0.0,0.0,0.0,0.0,0.0,0.0,1,1,26,,0.0,,0.0,,,,0.0,0.0,0.0,0.0,,,,,,0.0,0.0,0.0,0.0,0,0.0,1,0,0,0,0,1,0,0,-1,0,0,0,0,0.0,0,0.0,0.0,0.0,0.0,0.0,0.0,1,1,26,,0.0,,,,,,,,0,0.0,0.0,0.0,0.0,0.0,0.0,0.0,-1,1,1,26,,0.0,,,,,,,,,,,,,0.0,0.0,0.0,0.0,0.0,0.0,0.0,0.0,0.0,0.0,0.0,0.0,1,1
27,zxre973u,,0,0,32,,,,0,,,0.0,,,,,,,,ocnkhj5c,,,,,0,bargaining_tdl,0.0,1.0,5,0,0,https://app.prolific.com/submissions/complete?cc=C1HQEIID,27,,0.0,,,,,,,,,,,,,,,,,,,0.0,0.0,0.0,0.0,0.0,0.0,1,1,27,,0.0,,0.0,,,,0.0,0.0,0.0,0.0,,,,,,0.0,0.0,0.0,0.0,0,0.0,1,0,0,0,0,1,0,0,-1,0,0,0,0,0.0,0,0.0,0.0,0.0,0.0,0.0,0.0,1,1,27,,0.0,,,,,,,,0,0.0,0.0,0.0,0.0,0.0,0.0,0.0,-1,1,1,27,,0.0,,,,,,,,,,,,,0.0,0.0,0.0,0.0,0.0,0.0,0.0,0.0,0.0,0.0,0.0,0.0,1,1
28,m43rxufz,,0,0,32,,,,0,,,0.0,,,,,,,,ocnkhj5c,,,,,0,bargaining_tdl,0.0,1.0,5,0,0,https://app.prolific.com/submissions/complete?cc=C1HQEIID,28,,0.0,,,,,,,,,,,,,,,,,,,0.0,0.0,0.0,0.0,0.0,0.0,1,1,28,,0.0,,0.0,,,,0.0,0.0,0.0,0.0,,,,,,0.0,0.0,0.0,0.0,0,0.0,1,0,0,0,0,1,0,0,-1,0,0,0,0,0.0,0,0.0,0.0,0.0,0.0,0.0,0.0,1,1,28,,0.0,,,,,,,,0,0.0,0.0,0.0,0.0,0.0,0.0,0.0,-1,1,1,28,,0.0,,,,,,,,,,,,,0.0,0.0,0.0,0.0,0.0,0.0,0.0,0.0,0.0,0.0,0.0,0.0,1,1
29,zsfk9ipd,,0,0,32,,,,0,,,0.0,,,,,,,,ocnkhj5c,,,,,0,bargaining_tdl,0.0,1.0,5,0,0,https://app.prolific.com/submissions/complete?cc=C1HQEIID,29,,0.0,,,,,,,,,,,,,,,,,,,0.0,0.0,0.0,0.0,0.0,0.0,1,1,29,,0.0,,0.0,,,,0.0,0.0,0.0,0.0,,,,,,0.0,0.0,0.0,0.0,0,0.0,1,0,0,0,0,1,0,0,-1,0,0,0,0,0.0,0,0.0,0.0,0.0,0.0,0.0,0.0,1,1,29,,0.0,,,,,,,,0,0.0,0.0,0.0,0.0,0.0,0.0,0.0,-1,1,1,29,,0.0,,,,,,,,,,,,,0.0,0.0,0.0,0.0,0.0,0.0,0.0,0.0,0.0,0.0,0.0,0.0,1,1
30,2piuntsa,,0,0,32,,,,0,,,0.0,,,,,,,,ocnkhj5c,,,,,0,bargaining_tdl,0.0,1.0,5,0,0,https://app.prolific.com/submissions/complete?cc=C1HQEIID,30,,0.0,,,,,,,,,,,,,,,,,,,0.0,0.0,0.0,0.0,0.0,0.0,1,1,30,,0.0,,0.0,,,,0.0,0.0,0.0,0.0,,,,,,0.0,0.0,0.0,0.0,0,0.0,1,0,0,0,0,1,0,0,-1,0,0,0,0,0.0,0,0.0,0.0,0.0,0.0,0.0,0.0,1,1,30,,0.0,,,,,,,,0,0.0,0.0,0.0,0.0,0.0,0.0,0.0,-1,1,1,30,,0.0,,,,,,,,,,,,,0.0,0.0,0.0,0.0,0.0,0.0,0.0,0.0,0.0,0.0,0.0,0.0,1,1
31,bo5srhvb,,0,0,32,,,,0,,,0.0,,,,,,,,ocnkhj5c,,,,,0,bargaining_tdl,0.0,1.0,5,0,0,https://app.prolific.com/submissions/complete?cc=C1HQEIID,31,,0.0,,,,,,,,,,,,,,,,,,,0.0,0.0,0.0,0.0,0.0,0.0,1,1,31,,0.0,,0.0,,,,0.0,0.0,0.0,0.0,,,,,,0.0,0.0,0.0,0.0,0,0.0,1,0,0,0,0,1,0,0,-1,0,0,0,0,0.0,0,0.0,0.0,0.0,0.0,0.0,0.0,1,1,31,,0.0,,,,,,,,0,0.0,0.0,0.0,0.0,0.0,0.0,0.0,-1,1,1,31,,0.0,,,,,,,,,,,,,0.0,0.0,0.0,0.0,0.0,0.0,0.0,0.0,0.0,0.0,0.0,0.0,1,1
32,xu8vzzbw,,0,0,32,,,,0,,,0.0,,,,,,,,ocnkhj5c,,,,,0,bargaining_tdl,0.0,1.0,5,0,0,https://app.prolific.com/submissions/complete?cc=C1HQEIID,32,,0.0,,,,,,,,,,,,,,,,,,,0.0,0.0,0.0,0.0,0.0,0.0,1,1,32,,0.0,,0.0,,,,0.0,0.0,0.0,0.0,,,,,,0.0,0.0,0.0,0.0,0,0.0,1,0,0,0,0,1,0,0,-1,0,0,0,0,0.0,0,0.0,0.0,0.0,0.0,0.0,0.0,1,1,32,,0.0,,,,,,,,0,0.0,0.0,0.0,0.0,0.0,0.0,0.0,-1,1,1,32,,0.0,,,,,,,,,,,,,0.0,0.0,0.0,0.0,0.0,0.0,0.0,0.0,0.0,0.0,0.0,0.0,1,1
33,gctah84j,,0,0,32,,,,0,,,0.0,,,,,,,,ocnkhj5c,,,,,0,bargaining_tdl,0.0,1.0,5,0,0,https://app.prolific.com/submissions/complete?cc=C1HQEIID,33,,0.0,,,,,,,,,,,,,,,,,,,0.0,0.0,0.0,0.0,0.0,0.0,1,1,33,,0.0,,0.0,,,,0.0,0.0,0.0,0.0,,,,,,0.0,0.0,0.0,0.0,0,0.0,1,0,0,0,0,1,0,0,-1,0,0,0,0,0.0,0,0.0,0.0,0.0,0.0,0.0,0.0,1,1,33,,0.0,,,,,,,,0,0.0,0.0,0.0,0.0,0.0,0.0,0.0,-1,1,1,33,,0.0,,,,,,,,,,,,,0.0,0.0,0.0,0.0,0.0,0.0,0.0,0.0,0.0,0.0,0.0,0.0,1,1
34,a3dq7axr,,0,0,32,,,,0,,,0.0,,,,,,,,ocnkhj5c,,,,,0,bargaining_tdl,0.0,1.0,5,0,0,https://app.prolific.com/submissions/complete?cc=C1HQEIID,34,,0.0,,,,,,,,,,,,,,,,,,,0.0,0.0,0.0,0.0,0.0,0.0,1,1,34,,0.0,,0.0,,,,0.0,0.0,0.0,0.0,,,,,,0.0,0.0,0.0,0.0,0,0.0,1,0,0,0,0,1,0,0,-1,0,0,0,0,0.0,0,0.0,0.0,0.0,0.0,0.0,0.0,1,1,34,,0.0,,,,,,,,0,0.0,0.0,0.0,0.0,0.0,0.0,0.0,-1,1,1,34,,0.0,,,,,,,,,,,,,0.0,0.0,0.0,0.0,0.0,0.0,0.0,0.0,0.0,0.0,0.0,0.0,1,1
35,bk5oumcs,,0,0,32,,,,0,,,0.0,,,,,,,,ocnkhj5c,,,,,0,bargaining_tdl,0.0,1.0,5,0,0,https://app.prolific.com/submissions/complete?cc=C1HQEIID,35,,0.0,,,,,,,,,,,,,,,,,,,0.0,0.0,0.0,0.0,0.0,0.0,1,1,35,,0.0,,0.0,,,,0.0,0.0,0.0,0.0,,,,,,0.0,0.0,0.0,0.0,0,0.0,1,0,0,0,0,1,0,0,-1,0,0,0,0,0.0,0,0.0,0.0,0.0,0.0,0.0,0.0,1,1,35,,0.0,,,,,,,,0,0.0,0.0,0.0,0.0,0.0,0.0,0.0,-1,1,1,35,,0.0,,,,,,,,,,,,,0.0,0.0,0.0,0.0,0.0,0.0,0.0,0.0,0.0,0.0,0.0,0.0,1,1
36,wy1tr4wg,,0,0,32,,,,0,,,0.0,,,,,,,,ocnkhj5c,,,,,0,bargaining_tdl,0.0,1.0,5,0,0,https://app.prolific.com/submissions/complete?cc=C1HQEIID,36,,0.0,,,,,,,,,,,,,,,,,,,0.0,0.0,0.0,0.0,0.0,0.0,1,1,36,,0.0,,0.0,,,,0.0,0.0,0.0,0.0,,,,,,0.0,0.0,0.0,0.0,0,0.0,1,0,0,0,0,1,0,0,-1,0,0,0,0,0.0,0,0.0,0.0,0.0,0.0,0.0,0.0,1,1,36,,0.0,,,,,,,,0,0.0,0.0,0.0,0.0,0.0,0.0,0.0,-1,1,1,36,,0.0,,,,,,,,,,,,,0.0,0.0,0.0,0.0,0.0,0.0,0.0,0.0,0.0,0.0,0.0,0.0,1,1
37,xxanb1m9,,0,0,32,,,,0,,,0.0,,,,,,,,ocnkhj5c,,,,,0,bargaining_tdl,0.0,1.0,5,0,0,https://app.prolific.com/submissions/complete?cc=C1HQEIID,37,,0.0,,,,,,,,,,,,,,,,,,,0.0,0.0,0.0,0.0,0.0,0.0,1,1,37,,0.0,,0.0,,,,0.0,0.0,0.0,0.0,,,,,,0.0,0.0,0.0,0.0,0,0.0,1,0,0,0,0,1,0,0,-1,0,0,0,0,0.0,0,0.0,0.0,0.0,0.0,0.0,0.0,1,1,37,,0.0,,,,,,,,0,0.0,0.0,0.0,0.0,0.0,0.0,0.0,-1,1,1,37,,0.0,,,,,,,,,,,,,0.0,0.0,0.0,0.0,0.0,0.0,0.0,0.0,0.0,0.0,0.0,0.0,1,1
38,klk81i63,,0,0,32,,,,0,,,0.0,,,,,,,,ocnkhj5c,,,,,0,bargaining_tdl,0.0,1.0,5,0,0,https://app.prolific.com/submissions/complete?cc=C1HQEIID,38,,0.0,,,,,,,,,,,,,,,,,,,0.0,0.0,0.0,0.0,0.0,0.0,1,1,38,,0.0,,0.0,,,,0.0,0.0,0.0,0.0,,,,,,0.0,0.0,0.0,0.0,0,0.0,1,0,0,0,0,1,0,0,-1,0,0,0,0,0.0,0,0.0,0.0,0.0,0.0,0.0,0.0,1,1,38,,0.0,,,,,,,,0,0.0,0.0,0.0,0.0,0.0,0.0,0.0,-1,1,1,38,,0.0,,,,,,,,,,,,,0.0,0.0,0.0,0.0,0.0,0.0,0.0,0.0,0.0,0.0,0.0,0.0,1,1
39,4ff12zz6,,0,0,32,,,,0,,,0.0,,,,,,,,ocnkhj5c,,,,,0,bargaining_tdl,0.0,1.0,5,0,0,https://app.prolific.com/submissions/complete?cc=C1HQEIID,39,,0.0,,,,,,,,,,,,,,,,,,,0.0,0.0,0.0,0.0,0.0,0.0,1,1,39,,0.0,,0.0,,,,0.0,0.0,0.0,0.0,,,,,,0.0,0.0,0.0,0.0,0,0.0,1,0,0,0,0,1,0,0,-1,0,0,0,0,0.0,0,0.0,0.0,0.0,0.0,0.0,0.0,1,1,39,,0.0,,,,,,,,0,0.0,0.0,0.0,0.0,0.0,0.0,0.0,-1,1,1,39,,0.0,,,,,,,,,,,,,0.0,0.0,0.0,0.0,0.0,0.0,0.0,0.0,0.0,0.0,0.0,0.0,1,1
40,jr4vv06u,,0,0,32,,,,0,,,0.0,,,,,,,,ocnkhj5c,,,,,0,bargaining_tdl,0.0,1.0,5,0,0,https://app.prolific.com/submissions/complete?cc=C1HQEIID,40,,0.0,,,,,,,,,,,,,,,,,,,0.0,0.0,0.0,0.0,0.0,0.0,1,1,40,,0.0,,0.0,,,,0.0,0.0,0.0,0.0,,,,,,0.0,0.0,0.0,0.0,0,0.0,1,0,0,0,0,1,0,0,-1,0,0,0,0,0.0,0,0.0,0.0,0.0,0.0,0.0,0.0,1,1,40,,0.0,,,,,,,,0,0.0,0.0,0.0,0.0,0.0,0.0,0.0,-1,1,1,40,,0.0,,,,,,,,,,,,,0.0,0.0,0.0,0.0,0.0,0.0,0.0,0.0,0.0,0.0,0.0,0.0,1,1
41,d9vo9rxe,,0,0,32,,,,0,,,0.0,,,,,,,,ocnkhj5c,,,,,0,bargaining_tdl,0.0,1.0,5,0,0,https://app.prolific.com/submissions/complete?cc=C1HQEIID,41,,0.0,,,,,,,,,,,,,,,,,,,0.0,0.0,0.0,0.0,0.0,0.0,1,1,41,,0.0,,0.0,,,,0.0,0.0,0.0,0.0,,,,,,0.0,0.0,0.0,0.0,0,0.0,1,0,0,0,0,1,0,0,-1,0,0,0,0,0.0,0,0.0,0.0,0.0,0.0,0.0,0.0,1,1,41,,0.0,,,,,,,,0,0.0,0.0,0.0,0.0,0.0,0.0,0.0,-1,1,1,41,,0.0,,,,,,,,,,,,,0.0,0.0,0.0,0.0,0.0,0.0,0.0,0.0,0.0,0.0,0.0,0.0,1,1
42,82kg1hag,,0,0,32,,,,0,,,0.0,,,,,,,,ocnkhj5c,,,,,0,bargaining_tdl,0.0,1.0,5,0,0,https://app.prolific.com/submissions/complete?cc=C1HQEIID,42,,0.0,,,,,,,,,,,,,,,,,,,0.0,0.0,0.0,0.0,0.0,0.0,1,1,42,,0.0,,0.0,,,,0.0,0.0,0.0,0.0,,,,,,0.0,0.0,0.0,0.0,0,0.0,1,0,0,0,0,1,0,0,-1,0,0,0,0,0.0,0,0.0,0.0,0.0,0.0,0.0,0.0,1,1,42,,0.0,,,,,,,,0,0.0,0.0,0.0,0.0,0.0,0.0,0.0,-1,1,1,42,,0.0,,,,,,,,,,,,,0.0,0.0,0.0,0.0,0.0,0.0,0.0,0.0,0.0,0.0,0.0,0.0,1,1
43,w6vy631g,,0,0,32,,,,0,,,0.0,,,,,,,,ocnkhj5c,,,,,0,bargaining_tdl,0.0,1.0,5,0,0,https://app.prolific.com/submissions/complete?cc=C1HQEIID,43,,0.0,,,,,,,,,,,,,,,,,,,0.0,0.0,0.0,0.0,0.0,0.0,1,1,43,,0.0,,0.0,,,,0.0,0.0,0.0,0.0,,,,,,0.0,0.0,0.0,0.0,0,0.0,1,0,0,0,0,1,0,0,-1,0,0,0,0,0.0,0,0.0,0.0,0.0,0.0,0.0,0.0,1,1,43,,0.0,,,,,,,,0,0.0,0.0,0.0,0.0,0.0,0.0,0.0,-1,1,1,43,,0.0,,,,,,,,,,,,,0.0,0.0,0.0,0.0,0.0,0.0,0.0,0.0,0.0,0.0,0.0,0.0,1,1
44,lckferig,,0,0,32,,,,0,,,0.0,,,,,,,,ocnkhj5c,,,,,0,bargaining_tdl,0.0,1.0,5,0,0,https://app.prolific.com/submissions/complete?cc=C1HQEIID,44,,0.0,,,,,,,,,,,,,,,,,,,0.0,0.0,0.0,0.0,0.0,0.0,1,1,44,,0.0,,0.0,,,,0.0,0.0,0.0,0.0,,,,,,0.0,0.0,0.0,0.0,0,0.0,1,0,0,0,0,1,0,0,-1,0,0,0,0,0.0,0,0.0,0.0,0.0,0.0,0.0,0.0,1,1,44,,0.0,,,,,,,,0,0.0,0.0,0.0,0.0,0.0,0.0,0.0,-1,1,1,44,,0.0,,,,,,,,,,,,,0.0,0.0,0.0,0.0,0.0,0.0,0.0,0.0,0.0,0.0,0.0,0.0,1,1
45,wc5zg92e,,0,0,32,,,,0,,,0.0,,,,,,,,ocnkhj5c,,,,,0,bargaining_tdl,0.0,1.0,5,0,0,https://app.prolific.com/submissions/complete?cc=C1HQEIID,45,,0.0,,,,,,,,,,,,,,,,,,,0.0,0.0,0.0,0.0,0.0,0.0,1,1,45,,0.0,,0.0,,,,0.0,0.0,0.0,0.0,,,,,,0.0,0.0,0.0,0.0,0,0.0,1,0,0,0,0,1,0,0,-1,0,0,0,0,0.0,0,0.0,0.0,0.0,0.0,0.0,0.0,1,1,45,,0.0,,,,,,,,0,0.0,0.0,0.0,0.0,0.0,0.0,0.0,-1,1,1,45,,0.0,,,,,,,,,,,,,0.0,0.0,0.0,0.0,0.0,0.0,0.0,0.0,0.0,0.0,0.0,0.0,1,1
1,5977liaz,,0,22,32,bargaining_tdl_survey,SurveyQuestions,2026-05-19 11:32:03.609622,1,,,4.0,,,,,,0,1,zr6gul8w,,,,,0,bargaining_tdl,0.0,1.0,5,0,0,https://app.prolific.com/submissions/complete?cc=C1HQEIID,1,,0.0,,,,,,,,,,6,6,6,6,6,6,6,6,6,0.0,0.0,0.0,0.0,0.0,0.0,1,1,1,,4.0,Red,4.0,split_you,split_you,left,0.0,0.0,0.0,0.0,Right,split_you,split_you,05qfx0i7,n00ozz7b,0.0,0.0,0.0,0.0,0,0.0,1,0,0,0,0,3,1,1,1,1,1,1,0,0.0,0,1779190346.3940003,1779190346.3940003,1779190346.3940003,0.0,0.0,0.0,1,1,1,,0.0,share_one,,,,,,,0,0.0,0.0,0.0,0.0,0.0,0.0,0.0,-1,1,1,1,,0.0,,,,,,,,,,,,,0.0,0.0,0.0,0.0,0.0,0.0,0.0,0.0,0.0,0.0,0.0,0.0,1,1
2,k60eivfz,,0,22,32,bargaining_tdl_survey,SurveyQuestions,2026-05-19 11:32:03.626747,1,,,0.0,,,,,,0,1,zr6gul8w,,,,,0,bargaining_tdl,0.0,1.0,5,0,0,https://app.prolific.com/submissions/complete?cc=C1HQEIID,2,,0.0,,,,,,,,,,6,6,6,6,6,6,6,6,6,0.0,0.0,0.0,0.0,0.0,0.0,1,1,1,,0.0,Red,4.0,split_you,split_you,left,0.0,0.0,0.0,0.0,Both,split_you,split_you,2j4yjh4s,iyaybccx,0.0,0.0,0.0,0.0,0,0.0,1,0,0,0,0,2,1,1,0,1,1,1,0,0.0,0,1779190345.369522,1779190345.369522,1779190345.369522,0.0,0.0,0.0,1,1,2,,0.0,share_both,,,,,,,0,0.0,0.0,0.0,0.0,0.0,0.0,0.0,-1,1,1,2,,0.0,,,,,,,,,,,,,0.0,0.0,0.0,0.0,0.0,0.0,0.0,0.0,0.0,0.0,0.0,0.0,1,1
3,iyaybccx,,0,22,32,bargaining_tdl_survey,SurveyQuestions,2026-05-19 11:32:03.564729,1,,,0.0,,,,,,0,1,zr6gul8w,,,,,0,bargaining_tdl,0.0,1.0,5,0,0,https://app.prolific.com/submissions/complete?cc=C1HQEIID,3,,0.0,,,,,,,,,,6,6,6,6,6,6,6,6,6,0.0,0.0,0.0,0.0,0.0,0.0,1,1,2,,0.0,Green,4.0,split_you,split_you,left,0.0,0.0,0.0,0.0,Both,split_you,split_you,k60eivfz,2j4yjh4s,0.0,0.0,0.0,0.0,0,0.0,1,0,0,0,0,2,1,1,0,1,1,1,0,0.0,0,1779190345.369522,1779190345.369522,1779190345.369522,0.0,0.0,0.0,1,1,3,,0.0,share_one,,,,,,,0,0.0,0.0,0.0,0.0,0.0,0.0,0.0,-1,1,1,3,,0.0,,,,,,,,,,,,,0.0,0.0,0.0,0.0,0.0,0.0,0.0,0.0,0.0,0.0,0.0,0.0,1,1
4,1uqnqbvq,,0,22,32,bargaining_tdl_survey,SurveyQuestions,2026-05-19 11:32:03.604193,1,,,0.0,,,,,,0,1,zr6gul8w,,,,,0,bargaining_tdl,0.0,1.0,5,0,0,https://app.prolific.com/submissions/complete?cc=C1HQEIID,4,,0.0,,,,,,,,,,6,6,6,6,6,6,6,6,6,0.0,0.0,0.0,0.0,0.0,0.0,1,1,1,,0.0,Red,4.0,split_you,split_you,left,0.0,0.0,0.0,0.0,Both,split_you,split_you,6bz5w1nt,s4mj3o69,0.0,0.0,0.0,0.0,0,0.0,1,0,0,0,0,6,1,1,0,1,1,1,0,0.0,0,1779190347.8883963,1779190347.8883963,1779190347.8883963,0.0,0.0,0.0,1,1,4,,0.0,share_one,,,,,,,0,0.0,0.0,0.0,0.0,0.0,0.0,0.0,-1,1,1,4,,0.0,,,,,,,,,,,,,0.0,0.0,0.0,0.0,0.0,0.0,0.0,0.0,0.0,0.0,0.0,0.0,1,1
5,2j4yjh4s,,0,22,32,bargaining_tdl_survey,SurveyQuestions,2026-05-19 11:32:03.621177,1,,,0.0,,,,,,0,1,zr6gul8w,,,,,0,bargaining_tdl,0.0,1.0,5,0,0,https://app.prolific.com/submissions/complete?cc=C1HQEIID,5,,0.0,,,,,,,,,,6,6,6,6,6,6,6,6,6,0.0,0.0,0.0,0.0,0.0,0.0,1,1,3,,0.0,Blue,4.0,split_you,split_you,left,0.0,0.0,0.0,0.0,Left,split_you,split_you,iyaybccx,k60eivfz,0.0,0.0,0.0,0.0,0,0.0,1,0,0,0,0,2,1,1,0,1,1,1,0,0.0,0,1779190345.369522,1779190345.369522,1779190345.369522,0.0,0.0,0.0,1,1,5,,0.0,share_both,,,,,,,0,0.0,0.0,0.0,0.0,0.0,0.0,0.0,-1,1,1,5,,0.0,,,,,,,,,,,,,0.0,0.0,0.0,0.0,0.0,0.0,0.0,0.0,0.0,0.0,0.0,0.0,1,1
6,s4mj3o69,,0,22,32,bargaining_tdl_survey,SurveyQuestions,2026-05-19 11:32:03.638728,1,,,0.0,,,,,,0,1,zr6gul8w,,,,,0,bargaining_tdl,0.0,1.0,5,0,0,https://app.prolific.com/submissions/complete?cc=C1HQEIID,6,,0.0,,,,,,,,,,6,6,6,6,6,6,6,6,6,0.0,0.0,0.0,0.0,0.0,0.0,1,1,2,,0.0,Green,4.0,split_you,split_you,left,0.0,0.0,0.0,0.0,Both,split_you,split_you,1uqnqbvq,6bz5w1nt,0.0,0.0,0.0,0.0,0,0.0,1,0,0,0,0,6,1,1,0,1,1,1,0,0.0,0,1779190347.8883963,1779190347.8883963,1779190347.8883963,0.0,0.0,0.0,1,1,6,,0.0,share_one,,,,,,,0,0.0,0.0,0.0,0.0,0.0,0.0,0.0,-1,1,1,6,,0.0,,,,,,,,,,,,,0.0,0.0,0.0,0.0,0.0,0.0,0.0,0.0,0.0,0.0,0.0,0.0,1,1
7,qckxzyr3,,0,22,32,bargaining_tdl_survey,SurveyQuestions,2026-05-19 11:32:03.645344,1,,,4.0,,,,,,0,1,zr6gul8w,,,,,0,bargaining_tdl,0.0,1.0,5,0,0,https://app.prolific.com/submissions/complete?cc=C1HQEIID,7,,0.0,,,,,,,,,,6,6,6,6,6,6,6,6,6,0.0,0.0,0.0,0.0,0.0,0.0,1,1,1,,4.0,Red,4.0,split_you,split_you,left,0.0,0.0,0.0,0.0,Both,split_you,split_you,dmdvlb6t,6ojizmt1,0.0,0.0,0.0,0.0,0,0.0,1,0,0,0,0,7,1,1,1,1,1,1,0,0.0,0,1779190348.3594358,1779190348.3594358,1779190348.3594358,0.0,0.0,0.0,1,1,7,,0.0,share_one,,,,,,,0,0.0,0.0,0.0,0.0,0.0,0.0,0.0,-1,1,1,7,,0.0,,,,,,,,,,,,,0.0,0.0,0.0,0.0,0.0,0.0,0.0,0.0,0.0,0.0,0.0,0.0,1,1
8,beua6ch6,,0,22,32,bargaining_tdl_survey,SurveyQuestions,2026-05-19 11:32:03.615518,1,,,0.0,,,,,,0,1,zr6gul8w,,,,,0,bargaining_tdl,0.0,1.0,5,0,0,https://app.prolific.com/submissions/complete?cc=C1HQEIID,8,,0.0,,,,,,,,,,6,6,6,6,6,6,6,6,6,0.0,0.0,0.0,0.0,0.0,0.0,1,1,1,,0.0,Red,0.0,split_you,split_you,left,0.0,0.0,0.0,0.0,Left,split_you,split_you,0tsp39eh,fmhvibbk,0.0,0.0,0.0,0.0,0,0.0,1,0,0,0,0,4,1,0,0,1,1,1,0,0.0,0,1779190346.7997391,1779190346.7997391,1779190346.7997391,0.0,0.0,0.0,1,1,8,,0.0,share_both,,,,,,,0,0.0,0.0,0.0,0.0,0.0,0.0,0.0,-1,1,1,8,,0.0,,,,,,,,,,,,,0.0,0.0,0.0,0.0,0.0,0.0,0.0,0.0,0.0,0.0,0.0,0.0,1,1
9,n00ozz7b,,0,22,32,bargaining_tdl_survey,SurveyQuestions,2026-05-19 11:32:03.586063,1,,,4.0,,,,,,0,1,zr6gul8w,,,,,0,bargaining_tdl,0.0,1.0,5,0,0,https://app.prolific.com/submissions/complete?cc=C1HQEIID,9,,0.0,,,,,,,,,,6,6,6,6,6,6,6,6,6,0.0,0.0,0.0,0.0,0.0,0.0,1,1,2,,4.0,Green,4.0,split_you,split_you,left,0.0,0.0,0.0,0.0,Both,split_you,split_you,5977liaz,05qfx0i7,0.0,0.0,0.0,0.0,0,0.0,1,0,0,0,0,3,1,1,1,1,1,1,0,0.0,0,1779190346.3940003,1779190346.3940003,1779190346.3940003,0.0,0.0,0.0,1,1,9,,0.0,share_one,,,,,,,0,0.0,0.0,0.0,0.0,0.0,0.0,0.0,-1,1,1,9,,0.0,,,,,,,,,,,,,0.0,0.0,0.0,0.0,0.0,0.0,0.0,0.0,0.0,0.0,0.0,0.0,1,1
10,05qfx0i7,,0,22,32,bargaining_tdl_survey,SurveyQuestions,2026-05-19 11:32:03.633219,1,,,4.0,,,,,,0,1,zr6gul8w,,,,,0,bargaining_tdl,0.0,1.0,5,0,0,https://app.prolific.com/submissions/complete?cc=C1HQEIID,10,,0.0,,,,,,,,,,6,6,6,6,6,6,6,6,6,0.0,0.0,0.0,0.0,0.0,0.0,1,1,3,,4.0,Blue,4.0,split_you,split_you,left,0.0,0.0,0.0,0.0,Both,split_you,split_you,n00ozz7b,5977liaz,0.0,0.0,0.0,0.0,0,0.0,1,0,0,0,0,3,1,1,1,1,1,1,0,0.0,0,1779190346.3940003,1779190346.3940003,1779190346.3940003,0.0,0.0,0.0,1,1,10,,0.0,share_one,,,,,,,0,0.0,0.0,0.0,0.0,0.0,0.0,0.0,-1,1,1,10,,0.0,,,,,,,,,,,,,0.0,0.0,0.0,0.0,0.0,0.0,0.0,0.0,0.0,0.0,0.0,0.0,1,1
11,x1x4jm7i,,0,22,32,bargaining_tdl_survey,SurveyQuestions,2026-05-19 11:32:03.592807,1,,,0.0,,,,,,0,1,zr6gul8w,,,,,0,bargaining_tdl,0.0,1.0,5,0,0,https://app.prolific.com/submissions/complete?cc=C1HQEIID,11,,0.0,,,,,,,,,,6,6,6,6,6,6,6,6,6,0.0,0.0,0.0,0.0,0.0,0.0,1,1,1,,0.0,Red,0.0,split_you,split_you,left,0.0,0.0,0.0,0.0,Left,split_you,split_you,roxmzk68,yt75dd3v,0.0,0.0,0.0,0.0,0,0.0,1,0,0,0,0,5,0,0,1,1,1,1,0,0.0,0,1779190347.2362883,1779190347.2362883,1779190347.2362883,0.0,0.0,0.0,1,1,11,,0.0,share_both,,,,,,,0,0.0,0.0,0.0,0.0,0.0,0.0,0.0,-1,1,1,11,,0.0,,,,,,,,,,,,,0.0,0.0,0.0,0.0,0.0,0.0,0.0,0.0,0.0,0.0,0.0,0.0,1,1
12,fmhvibbk,,0,22,32,bargaining_tdl_survey,SurveyQuestions,2026-05-19 11:32:03.598580,1,,,0.0,,,,,,0,1,zr6gul8w,,,,,0,bargaining_tdl,0.0,1.0,5,0,0,https://app.prolific.com/submissions/complete?cc=C1HQEIID,12,,0.0,,,,,,,,,,6,6,6,6,6,6,6,6,6,0.0,0.0,0.0,0.0,0.0,0.0,1,1,2,,0.0,Green,6.0,split_you,split_you,left,0.0,0.0,0.0,0.0,Right,split_you,split_you,beua6ch6,0tsp39eh,0.0,0.0,0.0,0.0,0,0.0,1,0,0,0,0,4,1,0,0,1,1,1,0,0.0,0,1779190346.7997391,1779190346.7997391,1779190346.7997391,0.0,0.0,0.0,1,1,12,,0.0,share_both,,,,,,,0,0.0,0.0,0.0,0.0,0.0,0.0,0.0,-1,1,1,12,,0.0,,,,,,,,,,,,,0.0,0.0,0.0,0.0,0.0,0.0,0.0,0.0,0.0,0.0,0.0,0.0,1,1
13,6ojizmt1,,0,22,32,bargaining_tdl_survey,SurveyQuestions,2026-05-19 11:32:04.647161,1,,,4.0,,,,,,0,1,zr6gul8w,,,,,0,bargaining_tdl,0.0,1.0,5,0,0,https://app.prolific.com/submissions/complete?cc=C1HQEIID,13,,0.0,,,,,,,,,,6,6,6,6,6,6,6,6,6,0.0,0.0,0.0,0.0,0.0,0.0,1,1,2,,4.0,Green,4.0,split_you,split_you,left,0.0,0.0,0.0,0.0,Both,split_you,split_you,qckxzyr3,dmdvlb6t,0.0,0.0,0.0,0.0,0,0.0,1,0,0,0,0,7,1,1,1,1,1,1,0,0.0,0,1779190348.3594358,1779190348.3594358,1779190348.3594358,0.0,0.0,0.0,1,1,13,,0.0,share_one,,,,,,,0,0.0,0.0,0.0,0.0,0.0,0.0,0.0,-1,1,1,13,,0.0,,,,,,,,,,,,,0.0,0.0,0.0,0.0,0.0,0.0,0.0,0.0,0.0,0.0,0.0,0.0,1,1
14,6bz5w1nt,,0,22,32,bargaining_tdl_survey,SurveyQuestions,2026-05-19 11:32:04.583510,1,,,0.0,,,,,,0,1,zr6gul8w,,,,,0,bargaining_tdl,0.0,1.0,5,0,0,https://app.prolific.com/submissions/complete?cc=C1HQEIID,14,,0.0,,,,,,,,,,6,6,6,6,6,6,6,6,6,0.0,0.0,0.0,0.0,0.0,0.0,1,1,3,,0.0,Blue,4.0,split_you,split_you,left,0.0,0.0,0.0,0.0,Left,split_you,split_you,s4mj3o69,1uqnqbvq,0.0,0.0,0.0,0.0,0,0.0,1,0,0,0,0,6,1,1,0,1,1,1,0,0.0,0,1779190347.8883963,1779190347.8883963,1779190347.8883963,0.0,0.0,0.0,1,1,14,,0.0,share_one,,,,,,,0,0.0,0.0,0.0,0.0,0.0,0.0,0.0,-1,1,1,14,,0.0,,,,,,,,,,,,,0.0,0.0,0.0,0.0,0.0,0.0,0.0,0.0,0.0,0.0,0.0,0.0,1,1
15,0tsp39eh,,0,22,32,bargaining_tdl_survey,SurveyQuestions,2026-05-19 11:32:04.590278,1,,,0.0,,,,,,0,1,zr6gul8w,,,,,0,bargaining_tdl,0.0,1.0,5,0,0,https://app.prolific.com/submissions/complete?cc=C1HQEIID,15,,0.0,,,,,,,,,,6,6,6,6,6,6,6,6,6,0.0,0.0,0.0,0.0,0.0,0.0,1,1,3,,0.0,Blue,6.0,split_you,split_you,left,0.0,0.0,0.0,0.0,Left,split_you,split_you,fmhvibbk,beua6ch6,0.0,0.0,0.0,0.0,0,0.0,1,0,0,0,0,4,1,0,0,1,1,1,0,0.0,0,1779190346.7997391,1779190346.7997391,1779190346.7997391,0.0,0.0,0.0,1,1,15,,0.0,share_one,,,,,,,0,0.0,0.0,0.0,0.0,0.0,0.0,0.0,-1,1,1,15,,0.0,,,,,,,,,,,,,0.0,0.0,0.0,0.0,0.0,0.0,0.0,0.0,0.0,0.0,0.0,0.0,1,1
16,y3f1qxuf,,0,22,32,bargaining_tdl_survey,SurveyQuestions,2026-05-19 11:32:04.596298,1,,,0.0,,,,,,0,1,zr6gul8w,,,,,0,bargaining_tdl,0.0,1.0,5,0,0,https://app.prolific.com/submissions/complete?cc=C1HQEIID,16,,0.0,,,,,,,,,,6,6,6,6,6,6,6,6,6,0.0,0.0,0.0,0.0,0.0,0.0,1,1,1,,0.0,Red,0.0,split_you,split_you,left,0.0,0.0,0.0,0.0,Left,split_you,split_you,gzribzyd,44a1aq38,0.0,0.0,0.0,0.0,1,1779190391.0383122,1,0,0,0,0,16,0,0,0,1,1,1,0,1779190481.0383122,1,1779190364.585522,1779190364.585522,1779190364.585522,0.0,0.0,0.0,1,1,16,,0.0,share_both,,,,,,,0,0.0,0.0,0.0,0.0,0.0,0.0,0.0,-1,1,1,16,,0.0,,,,,,,,,,,,,0.0,0.0,0.0,0.0,0.0,0.0,0.0,0.0,0.0,0.0,0.0,0.0,1,1
17,yt75dd3v,,0,22,32,bargaining_tdl_survey,SurveyQuestions,2026-05-19 11:32:04.607147,1,,,0.0,,,,,,0,1,zr6gul8w,,,,,0,bargaining_tdl,0.0,1.0,5,0,0,https://app.prolific.com/submissions/complete?cc=C1HQEIID,17,,0.0,,,,,,,,,,6,6,6,6,6,6,6,6,6,0.0,0.0,0.0,0.0,0.0,0.0,1,1,2,,0.0,Green,0.0,split_you,split_you,left,0.0,0.0,0.0,0.0,Right,split_you,split_you,x1x4jm7i,roxmzk68,0.0,0.0,0.0,0.0,0,0.0,1,0,0,0,0,5,0,0,1,1,1,1,0,0.0,0,1779190347.2362883,1779190347.2362883,1779190347.2362883,0.0,0.0,0.0,1,1,17,,0.0,share_one,,,,,,,0,0.0,0.0,0.0,0.0,0.0,0.0,0.0,-1,1,1,17,,0.0,,,,,,,,,,,,,0.0,0.0,0.0,0.0,0.0,0.0,0.0,0.0,0.0,0.0,0.0,0.0,1,1
18,2e434ckt,,0,22,32,bargaining_tdl_survey,SurveyQuestions,2026-05-19 11:32:04.641553,1,,,0.0,,,,,,0,1,zr6gul8w,,,,,0,bargaining_tdl,0.0,1.0,5,0,0,https://app.prolific.com/submissions/complete?cc=C1HQEIID,18,,0.0,,,,,,,,,,6,6,6,6,6,6,6,6,6,0.0,0.0,0.0,0.0,0.0,0.0,1,1,1,,0.0,Red,0.0,split_you,split_you,left,0.0,0.0,0.0,0.0,Right,split_you,split_you,tytzgqxh,185lsl9s,0.0,0.0,0.0,0.0,0,0.0,1,0,0,0,0,8,0,0,1,1,1,1,0,0.0,0,1779190349.4056814,1779190349.4056814,1779190349.4056814,0.0,0.0,0.0,1,1,18,,0.0,share_both,,,,,,,0,0.0,0.0,0.0,0.0,0.0,0.0,0.0,-1,1,1,18,,0.0,,,,,,,,,,,,,0.0,0.0,0.0,0.0,0.0,0.0,0.0,0.0,0.0,0.0,0.0,0.0,1,1
19,185lsl9s,,0,22,32,bargaining_tdl_survey,SurveyQuestions,2026-05-19 11:32:04.658225,1,,,0.0,,,,,,0,1,zr6gul8w,,,,,0,bargaining_tdl,0.0,1.0,5,0,0,https://app.prolific.com/submissions/complete?cc=C1HQEIID,19,,0.0,,,,,,,,,,6,6,6,6,6,6,6,6,6,0.0,0.0,0.0,0.0,0.0,0.0,1,1,2,,0.0,Green,0.0,split_you,split_you,left,0.0,0.0,0.0,0.0,Both,split_you,split_you,2e434ckt,tytzgqxh,0.0,0.0,0.0,0.0,0,0.0,1,0,0,0,0,8,0,0,1,1,1,1,0,0.0,0,1779190349.4056814,1779190349.4056814,1779190349.4056814,0.0,0.0,0.0,1,1,19,,0.0,share_both,,,,,,,0,0.0,0.0,0.0,0.0,0.0,0.0,0.0,-1,1,1,19,,0.0,,,,,,,,,,,,,0.0,0.0,0.0,0.0,0.0,0.0,0.0,0.0,0.0,0.0,0.0,0.0,1,1
20,dmdvlb6t,,0,22,32,bargaining_tdl_survey,SurveyQuestions,2026-05-19 11:32:04.630073,1,,,4.0,,,,,,0,1,zr6gul8w,,,,,0,bargaining_tdl,0.0,1.0,5,0,0,https://app.prolific.com/submissions/complete?cc=C1HQEIID,20,,0.0,,,,,,,,,,6,6,6,6,6,6,6,6,6,0.0,0.0,0.0,0.0,0.0,0.0,1,1,3,,4.0,Blue,4.0,split_you,split_you,left,0.0,0.0,0.0,0.0,Both,split_you,split_you,6ojizmt1,qckxzyr3,0.0,0.0,0.0,0.0,0,0.0,1,0,0,0,0,7,1,1,1,1,1,1,0,0.0,0,1779190348.3594358,1779190348.3594358,1779190348.3594358,0.0,0.0,0.0,1,1,20,,0.0,share_one,,,,,,,0,0.0,0.0,0.0,0.0,0.0,0.0,0.0,-1,1,1,20,,0.0,,,,,,,,,,,,,0.0,0.0,0.0,0.0,0.0,0.0,0.0,0.0,0.0,0.0,0.0,0.0,1,1
21,ai35yj68,,0,22,32,bargaining_tdl_survey,SurveyQuestions,2026-05-19 11:32:04.669477,1,,,0.0,,,,,,0,1,zr6gul8w,,,,,0,bargaining_tdl,0.0,1.0,5,0,0,https://app.prolific.com/submissions/complete?cc=C1HQEIID,21,,0.0,,,,,,,,,,6,6,6,6,6,6,6,6,6,0.0,0.0,0.0,0.0,0.0,0.0,1,1,1,,0.0,Red,0.0,split_you,split_you,left,0.0,0.0,0.0,0.0,Right,split_you,split_you,q5fvqxb4,xve1f0hw,0.0,0.0,0.0,0.0,1,1779190380.467704,1,0,0,0,0,15,1,0,0,1,1,1,0,1779190470.467704,1,1779190361.6571274,1779190361.6571274,1779190361.6571274,0.0,0.0,0.0,1,1,21,,0.0,share_both,,,,,,,0,0.0,0.0,0.0,0.0,0.0,0.0,0.0,-1,1,1,21,,0.0,,,,,,,,,,,,,0.0,0.0,0.0,0.0,0.0,0.0,0.0,0.0,0.0,0.0,0.0,0.0,1,1
22,1buf7gtg,,0,22,32,bargaining_tdl_survey,SurveyQuestions,2026-05-19 11:32:04.652641,1,,,0.0,,,,,,0,1,zr6gul8w,,,,,0,bargaining_tdl,0.0,1.0,5,0,0,https://app.prolific.com/submissions/complete?cc=C1HQEIID,22,,0.0,,,,,,,,,,6,6,6,6,6,6,6,6,6,0.0,0.0,0.0,0.0,0.0,0.0,1,1,1,,0.0,Red,4.0,split_you,split_you,left,0.0,0.0,0.0,0.0,Both,split_you,split_you,92hx25ex,c5e1v9r1,0.0,0.0,0.0,0.0,0,0.0,1,0,0,0,0,9,1,1,0,1,1,1,0,0.0,0,1779190351.4423454,1779190351.4423454,1779190351.4423454,0.0,0.0,0.0,1,1,22,,0.0,share_one,,,,,,,0,0.0,0.0,0.0,0.0,0.0,0.0,0.0,-1,1,1,22,,0.0,,,,,,,,,,,,,0.0,0.0,0.0,0.0,0.0,0.0,0.0,0.0,0.0,0.0,0.0,0.0,1,1
23,roxmzk68,,0,22,32,bargaining_tdl_survey,SurveyQuestions,2026-05-19 11:32:04.636180,1,,,0.0,,,,,,0,1,zr6gul8w,,,,,0,bargaining_tdl,0.0,1.0,5,0,0,https://app.prolific.com/submissions/complete?cc=C1HQEIID,23,,0.0,,,,,,,,,,6,6,6,6,6,6,6,6,6,0.0,0.0,0.0,0.0,0.0,0.0,1,1,3,,0.0,Blue,0.0,split_you,split_you,left,0.0,0.0,0.0,0.0,Both,split_you,split_you,yt75dd3v,x1x4jm7i,0.0,0.0,0.0,0.0,0,0.0,1,0,0,0,0,5,0,0,1,1,1,1,0,0.0,0,1779190347.2362883,1779190347.2362883,1779190347.2362883,0.0,0.0,0.0,1,1,23,,0.0,share_one,,,,,,,0,0.0,0.0,0.0,0.0,0.0,0.0,0.0,-1,1,1,23,,0.0,,,,,,,,,,,,,0.0,0.0,0.0,0.0,0.0,0.0,0.0,0.0,0.0,0.0,0.0,0.0,1,1
24,tytzgqxh,,0,22,32,bargaining_tdl_survey,SurveyQuestions,2026-05-19 11:32:04.663858,1,,,0.0,,,,,,0,1,zr6gul8w,,,,,0,bargaining_tdl,0.0,1.0,5,0,0,https://app.prolific.com/submissions/complete?cc=C1HQEIID,24,,0.0,,,,,,,,,,6,6,6,6,6,6,6,6,6,0.0,0.0,0.0,0.0,0.0,0.0,1,1,3,,0.0,Blue,0.0,split_you,split_you,left,0.0,0.0,0.0,0.0,Left,split_you,split_you,185lsl9s,2e434ckt,0.0,0.0,0.0,0.0,0,0.0,1,0,0,0,0,8,0,0,1,1,1,1,0,0.0,0,1779190349.4056814,1779190349.4056814,1779190349.4056814,0.0,0.0,0.0,1,1,24,,0.0,share_both,,,,,,,0,0.0,0.0,0.0,0.0,0.0,0.0,0.0,-1,1,1,24,,0.0,,,,,,,,,,,,,0.0,0.0,0.0,0.0,0.0,0.0,0.0,0.0,0.0,0.0,0.0,0.0,1,1
25,8alm3lr2,,0,22,32,bargaining_tdl_survey,SurveyQuestions,2026-05-19 11:32:05.679369,1,,,0.0,,,,,,0,1,zr6gul8w,,,,,0,bargaining_tdl,0.0,1.0,5,0,0,https://app.prolific.com/submissions/complete?cc=C1HQEIID,25,,0.0,,,,,,,,,,6,6,6,6,6,6,6,6,6,0.0,0.0,0.0,0.0,0.0,0.0,1,1,1,,0.0,Red,0.0,split_you,split_you,left,0.0,0.0,0.0,0.0,Left,split_you,split_you,qfuqa0ha,3zopmy9e,0.0,0.0,0.0,0.0,0,0.0,1,0,0,0,0,10,0,0,0,1,1,1,0,0.0,0,1779190352.2857635,1779190352.2857635,1779190352.2857635,0.0,0.0,0.0,1,1,25,,0.0,share_one,,,,,,,0,0.0,0.0,0.0,0.0,0.0,0.0,0.0,-1,1,1,25,,0.0,,,,,,,,,,,,,0.0,0.0,0.0,0.0,0.0,0.0,0.0,0.0,0.0,0.0,0.0,0.0,1,1
26,of2jflob,,0,22,32,bargaining_tdl_survey,SurveyQuestions,2026-05-19 11:32:05.708569,1,,,4.0,,,,,,0,1,zr6gul8w,,,,,0,bargaining_tdl,0.0,1.0,5,0,0,https://app.prolific.com/submissions/complete?cc=C1HQEIID,26,,0.0,,,,,,,,,,6,6,6,6,6,6,6,6,6,0.0,0.0,0.0,0.0,0.0,0.0,1,1,1,,4.0,Red,4.0,split_you,split_you,left,0.0,0.0,0.0,0.0,Both,split_you,split_you,8okhv1km,dg19k2gr,0.0,0.0,0.0,0.0,0,0.0,1,0,0,0,0,11,1,1,1,1,1,1,0,0.0,0,1779190352.5220199,1779190352.5220199,1779190352.5220199,0.0,0.0,0.0,1,1,26,,0.0,share_both,,,,,,,0,0.0,0.0,0.0,0.0,0.0,0.0,0.0,-1,1,1,26,,0.0,,,,,,,,,,,,,0.0,0.0,0.0,0.0,0.0,0.0,0.0,0.0,0.0,0.0,0.0,0.0,1,1
27,dg19k2gr,,0,22,32,bargaining_tdl_survey,SurveyQuestions,2026-05-19 11:32:05.685753,1,,,4.0,,,,,,0,1,zr6gul8w,,,,,0,bargaining_tdl,0.0,1.0,5,0,0,https://app.prolific.com/submissions/complete?cc=C1HQEIID,27,,0.0,,,,,,,,,,6,6,6,6,6,6,6,6,6,0.0,0.0,0.0,0.0,0.0,0.0,1,1,2,,4.0,Green,4.0,split_you,split_you,left,0.0,0.0,0.0,0.0,Left,split_you,split_you,of2jflob,8okhv1km,0.0,0.0,0.0,0.0,0,0.0,1,0,0,0,0,11,1,1,1,1,1,1,0,0.0,0,1779190352.5220199,1779190352.5220199,1779190352.5220199,0.0,0.0,0.0,1,1,27,,0.0,share_both,,,,,,,0,0.0,0.0,0.0,0.0,0.0,0.0,0.0,-1,1,1,27,,0.0,,,,,,,,,,,,,0.0,0.0,0.0,0.0,0.0,0.0,0.0,0.0,0.0,0.0,0.0,0.0,1,1
28,c5e1v9r1,,0,22,32,bargaining_tdl_survey,SurveyQuestions,2026-05-19 11:32:05.565323,1,,,0.0,,,,,,0,1,zr6gul8w,,,,,0,bargaining_tdl,0.0,1.0,5,0,0,https://app.prolific.com/submissions/complete?cc=C1HQEIID,28,,0.0,,,,,,,,,,6,6,6,6,6,6,6,6,6,0.0,0.0,0.0,0.0,0.0,0.0,1,1,2,,0.0,Green,4.0,split_you,split_you,left,0.0,0.0,0.0,0.0,Left,split_you,split_you,1buf7gtg,92hx25ex,0.0,0.0,0.0,0.0,0,0.0,1,0,0,0,0,9,1,1,0,1,1,1,0,0.0,0,1779190351.4423454,1779190351.4423454,1779190351.4423454,0.0,0.0,0.0,1,1,28,,0.0,share_one,,,,,,,0,0.0,0.0,0.0,0.0,0.0,0.0,0.0,-1,1,1,28,,0.0,,,,,,,,,,,,,0.0,0.0,0.0,0.0,0.0,0.0,0.0,0.0,0.0,0.0,0.0,0.0,1,1
29,ru07md9e,,0,22,32,bargaining_tdl_survey,SurveyQuestions,2026-05-19 11:32:05.701547,1,,,0.0,,,,,,0,1,zr6gul8w,,,,,0,bargaining_tdl,0.0,1.0,5,0,0,https://app.prolific.com/submissions/complete?cc=C1HQEIID,29,,0.0,,,,,,,,,,6,6,6,6,6,6,6,6,6,0.0,0.0,0.0,0.0,0.0,0.0,1,1,1,,0.0,Red,4.0,split_you,split_you,left,0.0,0.0,0.0,0.0,Both,split_you,split_you,pzpqduyx,7283axms,0.0,0.0,0.0,0.0,0,0.0,1,0,0,0,0,12,1,1,0,1,1,1,0,0.0,0,1779190352.711029,1779190352.711029,1779190352.711029,0.0,0.0,0.0,1,1,29,,0.0,share_one,,,,,,,0,0.0,0.0,0.0,0.0,0.0,0.0,0.0,-1,1,1,29,,0.0,,,,,,,,,,,,,0.0,0.0,0.0,0.0,0.0,0.0,0.0,0.0,0.0,0.0,0.0,0.0,1,1
30,3zopmy9e,,0,22,32,bargaining_tdl_survey,SurveyQuestions,2026-05-19 11:32:05.727475,1,,,0.0,,,,,,0,1,zr6gul8w,,,,,0,bargaining_tdl,0.0,1.0,5,0,0,https://app.prolific.com/submissions/complete?cc=C1HQEIID,30,,0.0,,,,,,,,,,6,6,6,6,6,6,6,6,6,0.0,0.0,0.0,0.0,0.0,0.0,1,1,2,,0.0,Green,0.0,split_you,split_you,left,0.0,0.0,0.0,0.0,Left,split_you,split_you,8alm3lr2,qfuqa0ha,0.0,0.0,0.0,0.0,0,0.0,1,0,0,0,0,10,0,0,0,1,1,1,0,0.0,0,1779190352.2857635,1779190352.2857635,1779190352.2857635,0.0,0.0,0.0,1,1,30,,0.0,share_both,,,,,,,0,0.0,0.0,0.0,0.0,0.0,0.0,0.0,-1,1,1,30,,0.0,,,,,,,,,,,,,0.0,0.0,0.0,0.0,0.0,0.0,0.0,0.0,0.0,0.0,0.0,0.0,1,1
31,8okhv1km,,0,22,32,bargaining_tdl_survey,SurveyQuestions,2026-05-19 11:32:05.735903,1,,,4.0,,,,,,0,1,zr6gul8w,,,,,0,bargaining_tdl,0.0,1.0,5,0,0,https://app.prolific.com/submissions/complete?cc=C1HQEIID,31,,0.0,,,,,,,,,,6,6,6,6,6,6,6,6,6,0.0,0.0,0.0,0.0,0.0,0.0,1,1,3,,4.0,Blue,4.0,split_you,split_you,left,0.0,0.0,0.0,0.0,Both,split_you,split_you,dg19k2gr,of2jflob,0.0,0.0,0.0,0.0,0,0.0,1,0,0,0,0,11,1,1,1,1,1,1,0,0.0,0,1779190352.5220199,1779190352.5220199,1779190352.5220199,0.0,0.0,0.0,1,1,31,,0.0,share_one,,,,,,,0,0.0,0.0,0.0,0.0,0.0,0.0,0.0,-1,1,1,31,,0.0,,,,,,,,,,,,,0.0,0.0,0.0,0.0,0.0,0.0,0.0,0.0,0.0,0.0,0.0,0.0,1,1
32,oa98fds8,,0,22,32,bargaining_tdl_survey,SurveyQuestions,2026-05-19 11:32:05.715039,1,,,0.0,,,,,,0,1,zr6gul8w,,,,,0,bargaining_tdl,0.0,1.0,5,0,0,https://app.prolific.com/submissions/complete?cc=C1HQEIID,32,,0.0,,,,,,,,,,6,6,6,6,6,6,6,6,6,0.0,0.0,0.0,0.0,0.0,0.0,1,1,1,,0.0,Red,4.0,split_you,split_you,left,0.0,0.0,0.0,0.0,Both,split_you,split_you,hpckv9rp,gxtfdlrl,0.0,0.0,0.0,0.0,0,0.0,1,0,0,0,0,13,1,1,0,1,1,1,0,0.0,0,1779190352.9007254,1779190352.9007254,1779190352.9007254,0.0,0.0,0.0,1,1,32,,0.0,share_both,,,,,,,0,0.0,0.0,0.0,0.0,0.0,0.0,0.0,-1,1,1,32,,0.0,,,,,,,,,,,,,0.0,0.0,0.0,0.0,0.0,0.0,0.0,0.0,0.0,0.0,0.0,0.0,1,1
33,xve1f0hw,,0,22,32,bargaining_tdl_survey,SurveyQuestions,2026-05-19 11:32:05.694123,1,,,0.0,,,,,,0,1,zr6gul8w,,,,,0,bargaining_tdl,0.0,1.0,5,0,0,https://app.prolific.com/submissions/complete?cc=C1HQEIID,33,,0.0,,,,,,,,,,6,6,6,6,6,6,6,6,6,0.0,0.0,0.0,0.0,0.0,0.0,1,1,2,,0.0,Green,6.0,split_you,split_you,left,0.0,0.0,0.0,0.0,Right,split_you,split_you,ai35yj68,q5fvqxb4,0.0,0.0,0.0,0.0,0,0.0,1,0,0,0,0,15,1,0,0,1,1,1,0,1779190470.467704,1,1779190361.6571274,1779190361.6571274,1779190361.6571274,0.0,0.0,0.0,1,1,33,,0.0,share_both,,,,,,,0,0.0,0.0,0.0,0.0,0.0,0.0,0.0,-1,1,1,33,,0.0,,,,,,,,,,,,,0.0,0.0,0.0,0.0,0.0,0.0,0.0,0.0,0.0,0.0,0.0,0.0,1,1
34,92hx25ex,,0,22,32,bargaining_tdl_survey,SurveyQuestions,2026-05-19 11:32:05.746235,1,,,0.0,,,,,,0,1,zr6gul8w,,,,,0,bargaining_tdl,0.0,1.0,5,0,0,https://app.prolific.com/submissions/complete?cc=C1HQEIID,34,,0.0,,,,,,,,,,6,6,6,6,6,6,6,6,6,0.0,0.0,0.0,0.0,0.0,0.0,1,1,3,,0.0,Blue,4.0,split_you,split_you,left,0.0,0.0,0.0,0.0,Both,split_you,split_you,c5e1v9r1,1buf7gtg,0.0,0.0,0.0,0.0,0,0.0,1,0,0,0,0,9,1,1,0,1,1,1,0,0.0,0,1779190351.4423454,1779190351.4423454,1779190351.4423454,0.0,0.0,0.0,1,1,34,,0.0,share_both,,,,,,,0,0.0,0.0,0.0,0.0,0.0,0.0,0.0,-1,1,1,34,,0.0,,,,,,,,,,,,,0.0,0.0,0.0,0.0,0.0,0.0,0.0,0.0,0.0,0.0,0.0,0.0,1,1
35,7283axms,,0,22,32,bargaining_tdl_survey,SurveyQuestions,2026-05-19 11:32:05.721249,1,,,0.0,,,,,,0,1,zr6gul8w,,,,,0,bargaining_tdl,0.0,1.0,5,0,0,https://app.prolific.com/submissions/complete?cc=C1HQEIID,35,,0.0,,,,,,,,,,6,6,6,6,6,6,6,6,6,0.0,0.0,0.0,0.0,0.0,0.0,1,1,2,,0.0,Green,4.0,split_you,split_you,left,0.0,0.0,0.0,0.0,Both,split_you,split_you,ru07md9e,pzpqduyx,0.0,0.0,0.0,0.0,0,0.0,1,0,0,0,0,12,1,1,0,1,1,1,0,0.0,0,1779190352.711029,1779190352.711029,1779190352.711029,0.0,0.0,0.0,1,1,35,,0.0,share_both,,,,,,,0,0.0,0.0,0.0,0.0,0.0,0.0,0.0,-1,1,1,35,,0.0,,,,,,,,,,,,,0.0,0.0,0.0,0.0,0.0,0.0,0.0,0.0,0.0,0.0,0.0,0.0,1,1
36,3z4emp85,,0,22,32,bargaining_tdl_survey,SurveyQuestions,2026-05-19 11:32:05.753845,1,,,0.0,,,,,,0,1,zr6gul8w,,,,,0,bargaining_tdl,0.0,1.0,5,0,0,https://app.prolific.com/submissions/complete?cc=C1HQEIID,36,,0.0,,,,,,,,,,6,6,6,6,6,6,6,6,6,0.0,0.0,0.0,0.0,0.0,0.0,1,1,1,,0.0,Red,0.0,split_you,split_you,left,0.0,0.0,0.0,0.0,Left,split_you,split_you,h0osvjnp,fcdu23yx,0.0,0.0,0.0,0.0,0,0.0,1,0,0,0,0,14,1,0,0,1,1,1,0,0.0,0,1779190353.786746,1779190353.786746,1779190353.786746,0.0,0.0,0.0,1,1,36,,0.0,share_both,,,,,,,0,0.0,0.0,0.0,0.0,0.0,0.0,0.0,-1,1,1,36,,0.0,,,,,,,,,,,,,0.0,0.0,0.0,0.0,0.0,0.0,0.0,0.0,0.0,0.0,0.0,0.0,1,1
37,44a1aq38,,0,22,32,bargaining_tdl_survey,SurveyQuestions,2026-05-19 11:32:06.819848,1,,,0.0,,,,,,0,1,zr6gul8w,,,,,0,bargaining_tdl,0.0,1.0,5,0,0,https://app.prolific.com/submissions/complete?cc=C1HQEIID,37,,0.0,,,,,,,,,,6,6,6,6,6,6,6,6,6,0.0,0.0,0.0,0.0,0.0,0.0,1,1,2,,0.0,Green,0.0,split_you,split_you,left,0.0,0.0,0.0,0.0,Left,split_you,split_you,y3f1qxuf,gzribzyd,0.0,0.0,0.0,0.0,0,0.0,1,0,0,0,0,16,0,0,0,1,1,1,0,1779190481.0383122,1,1779190364.585522,1779190364.585522,1779190364.585522,0.0,0.0,0.0,1,1,37,,0.0,share_both,,,,,,,0,0.0,0.0,0.0,0.0,0.0,0.0,0.0,-1,1,1,37,,0.0,,,,,,,,,,,,,0.0,0.0,0.0,0.0,0.0,0.0,0.0,0.0,0.0,0.0,0.0,0.0,1,1
38,gzribzyd,,0,22,32,bargaining_tdl_survey,SurveyQuestions,2026-05-19 11:32:06.899407,1,,,0.0,,,,,,0,1,zr6gul8w,,,,,0,bargaining_tdl,0.0,1.0,5,0,0,https://app.prolific.com/submissions/complete?cc=C1HQEIID,38,,0.0,,,,,,,,,,6,6,6,6,6,6,6,6,6,0.0,0.0,0.0,0.0,0.0,0.0,1,1,3,,0.0,Blue,0.0,split_you,split_you,left,0.0,0.0,0.0,0.0,Left,split_you,split_you,44a1aq38,y3f1qxuf,0.0,0.0,0.0,0.0,0,0.0,1,0,0,0,0,16,0,0,0,1,1,1,0,1779190481.0383122,1,1779190364.585522,1779190364.585522,1779190364.585522,0.0,0.0,0.0,1,1,38,,0.0,share_one,,,,,,,0,0.0,0.0,0.0,0.0,0.0,0.0,0.0,-1,1,1,38,,0.0,,,,,,,,,,,,,0.0,0.0,0.0,0.0,0.0,0.0,0.0,0.0,0.0,0.0,0.0,0.0,1,1
39,gxtfdlrl,,0,22,32,bargaining_tdl_survey,SurveyQuestions,2026-05-19 11:32:06.808415,1,,,0.0,,,,,,0,1,zr6gul8w,,,,,0,bargaining_tdl,0.0,1.0,5,0,0,https://app.prolific.com/submissions/complete?cc=C1HQEIID,39,,0.0,,,,,,,,,,6,6,6,6,6,6,6,6,6,0.0,0.0,0.0,0.0,0.0,0.0,1,1,2,,0.0,Green,4.0,split_you,split_you,left,0.0,0.0,0.0,0.0,Right,split_you,split_you,oa98fds8,hpckv9rp,0.0,0.0,0.0,0.0,0,0.0,1,0,0,0,0,13,1,1,0,1,1,1,0,0.0,0,1779190352.9007254,1779190352.9007254,1779190352.9007254,0.0,0.0,0.0,1,1,39,,0.0,share_both,,,,,,,0,0.0,0.0,0.0,0.0,0.0,0.0,0.0,-1,1,1,39,,0.0,,,,,,,,,,,,,0.0,0.0,0.0,0.0,0.0,0.0,0.0,0.0,0.0,0.0,0.0,0.0,1,1
40,fcdu23yx,,0,22,32,bargaining_tdl_survey,SurveyQuestions,2026-05-19 11:32:06.838657,1,,,0.0,,,,,,0,1,zr6gul8w,,,,,0,bargaining_tdl,0.0,1.0,5,0,0,https://app.prolific.com/submissions/complete?cc=C1HQEIID,40,,0.0,,,,,,,,,,6,6,6,6,6,6,6,6,6,0.0,0.0,0.0,0.0,0.0,0.0,1,1,2,,0.0,Green,6.0,split_you,split_you,left,0.0,0.0,0.0,0.0,Right,split_you,split_you,3z4emp85,h0osvjnp,0.0,0.0,0.0,0.0,0,0.0,1,0,0,0,0,14,1,0,0,1,1,1,0,0.0,0,1779190353.786746,1779190353.786746,1779190353.786746,0.0,0.0,0.0,1,1,40,,0.0,share_both,,,,,,,0,0.0,0.0,0.0,0.0,0.0,0.0,0.0,-1,1,1,40,,0.0,,,,,,,,,,,,,0.0,0.0,0.0,0.0,0.0,0.0,0.0,0.0,0.0,0.0,0.0,0.0,1,1
41,hpckv9rp,,0,22,32,bargaining_tdl_survey,SurveyQuestions,2026-05-19 11:32:06.814782,1,,,0.0,,,,,,0,1,zr6gul8w,,,,,0,bargaining_tdl,0.0,1.0,5,0,0,https://app.prolific.com/submissions/complete?cc=C1HQEIID,41,,0.0,,,,,,,,,,6,6,6,6,6,6,6,6,6,0.0,0.0,0.0,0.0,0.0,0.0,1,1,3,,0.0,Blue,4.0,split_you,split_you,left,0.0,0.0,0.0,0.0,Both,split_you,split_you,gxtfdlrl,oa98fds8,0.0,0.0,0.0,0.0,0,0.0,1,0,0,0,0,13,1,1,0,1,1,1,0,0.0,0,1779190352.9007254,1779190352.9007254,1779190352.9007254,0.0,0.0,0.0,1,1,41,,0.0,share_both,,,,,,,0,0.0,0.0,0.0,0.0,0.0,0.0,0.0,-1,1,1,41,,0.0,,,,,,,,,,,,,0.0,0.0,0.0,0.0,0.0,0.0,0.0,0.0,0.0,0.0,0.0,0.0,1,1
42,h0osvjnp,,0,22,32,bargaining_tdl_survey,SurveyQuestions,2026-05-19 11:32:06.830190,1,,,0.0,,,,,,0,1,zr6gul8w,,,,,0,bargaining_tdl,0.0,1.0,5,0,0,https://app.prolific.com/submissions/complete?cc=C1HQEIID,42,,0.0,,,,,,,,,,6,6,6,6,6,6,6,6,6,0.0,0.0,0.0,0.0,0.0,0.0,1,1,3,,0.0,Blue,6.0,split_you,split_you,left,0.0,0.0,0.0,0.0,Left,split_you,split_you,fcdu23yx,3z4emp85,0.0,0.0,0.0,0.0,0,0.0,1,0,0,0,0,14,1,0,0,1,1,1,0,0.0,0,1779190353.786746,1779190353.786746,1779190353.786746,0.0,0.0,0.0,1,1,42,,0.0,share_both,,,,,,,0,0.0,0.0,0.0,0.0,0.0,0.0,0.0,-1,1,1,42,,0.0,,,,,,,,,,,,,0.0,0.0,0.0,0.0,0.0,0.0,0.0,0.0,0.0,0.0,0.0,0.0,1,1
43,pzpqduyx,,0,22,32,bargaining_tdl_survey,SurveyQuestions,2026-05-19 11:32:06.775935,1,,,0.0,,,,,,0,1,zr6gul8w,,,,,0,bargaining_tdl,0.0,1.0,5,0,0,https://app.prolific.com/submissions/complete?cc=C1HQEIID,43,,0.0,,,,,,,,,,6,6,6,6,6,6,6,6,6,0.0,0.0,0.0,0.0,0.0,0.0,1,1,3,,0.0,Blue,4.0,split_you,split_you,left,0.0,0.0,0.0,0.0,Left,split_you,split_you,7283axms,ru07md9e,0.0,0.0,0.0,0.0,0,0.0,1,0,0,0,0,12,1,1,0,1,1,1,0,0.0,0,1779190352.711029,1779190352.711029,1779190352.711029,0.0,0.0,0.0,1,1,43,,0.0,share_both,,,,,,,0,0.0,0.0,0.0,0.0,0.0,0.0,0.0,-1,1,1,43,,0.0,,,,,,,,,,,,,0.0,0.0,0.0,0.0,0.0,0.0,0.0,0.0,0.0,0.0,0.0,0.0,1,1
44,qfuqa0ha,,0,22,32,bargaining_tdl_survey,SurveyQuestions,2026-05-19 11:32:06.824978,1,,,0.0,,,,,,0,1,zr6gul8w,,,,,0,bargaining_tdl,0.0,1.0,5,0,0,https://app.prolific.com/submissions/complete?cc=C1HQEIID,44,,0.0,,,,,,,,,,6,6,6,6,6,6,6,6,6,0.0,0.0,0.0,0.0,0.0,0.0,1,1,3,,0.0,Blue,0.0,split_you,split_you,left,0.0,0.0,0.0,0.0,Both,split_you,split_you,3zopmy9e,8alm3lr2,0.0,0.0,0.0,0.0,0,0.0,1,0,0,0,0,10,0,0,0,1,1,1,0,0.0,0,1779190352.2857635,1779190352.2857635,1779190352.2857635,0.0,0.0,0.0,1,1,44,,0.0,share_both,,,,,,,0,0.0,0.0,0.0,0.0,0.0,0.0,0.0,-1,1,1,44,,0.0,,,,,,,,,,,,,0.0,0.0,0.0,0.0,0.0,0.0,0.0,0.0,0.0,0.0,0.0,0.0,1,1
45,q5fvqxb4,,0,22,32,bargaining_tdl_survey,SurveyQuestions,2026-05-19 11:32:06.781075,1,,,0.0,,,,,,0,1,zr6gul8w,,,,,0,bargaining_tdl,0.0,1.0,5,0,0,https://app.prolific.com/submissions/complete?cc=C1HQEIID,45,,0.0,,,,,,,,,,6,6,6,6,6,6,6,6,6,0.0,0.0,0.0,0.0,0.0,0.0,1,1,3,,0.0,Blue,6.0,split_you,split_you,left,0.0,0.0,0.0,0.0,Left,split_you,split_you,xve1f0hw,ai35yj68,0.0,0.0,0.0,0.0,0,0.0,1,0,0,0,0,15,1,0,0,1,1,1,0,1779190470.467704,1,1779190361.6571274,1779190361.6571274,1779190361.6571274,0.0,0.0,0.0,1,1,45,,0.0,share_both,,,,,,,0,0.0,0.0,0.0,0.0,0.0,0.0,0.0,-1,1,1,45,,0.0,,,,,,,,,,,,,0.0,0.0,0.0,0.0,0.0,0.0,0.0,0.0,0.0,0.0,0.0,0.0,1,1
